Record Length,2.500000e+03,,  -0.000011200000,-200.00000,
Sample Interval,2.000000e-08,,  -0.000011180000,   0.00000,
Trigger Point,5.600000000000e+02,,  -0.000011160000,   0.00000,
,,,  -0.000011140000,-200.00000,
,,,  -0.000011120000, 200.00000,
,,,  -0.000011100000,   0.00000,
Source,CH1,,  -0.000011080000,   0.00000,
Vertical Units,V,,  -0.000011060000,   0.00000,
Vertical Scale,5.000000e+03,,  -0.000011040000,   0.00000,
Vertical Offset,0.000000e+00,,  -0.000011020000,   0.00000,
Horizontal Units,s,,  -0.000011000000,-200.00000,
Horizontal Scale,5.000000e-06,,  -0.000010980000,   0.00000,
Pt Fmt,Y,,  -0.000010960000,   0.00000,
Yzero,0.000000e+00,,  -0.000010940000,   0.00000,
Probe Atten,1.000000e+03,,  -0.000010920000,   0.00000,
Model Number,TDS2012C,,  -0.000010900000,-200.00000,
Serial Number,C023195,,  -0.000010880000,   0.00000,
Firmware Version,FV:v24.18,,  -0.000010860000,   0.00000,
,,,-00.000010840000,   0.00000,
,,,-00.000010820000,-200.00000,
,,,-00.000010800000,   0.00000,
,,,-00.000010780000,   0.00000,
,,,-00.000010760000, 200.00000,
,,,-00.000010740000, 200.00000,
,,,-00.000010720000, 200.00000,
,,,-00.000010700000,   0.00000,
,,,-00.000010680000,   0.00000,
,,,-00.000010660000,   0.00000,
,,,-00.000010640000,-200.00000,
,,,-00.000010620000,-200.00000,
,,,-00.000010600000,   0.00000,
,,,-00.000010580000,-200.00000,
,,,-00.000010560000,   0.00000,
,,,-00.000010540000,-200.00000,
,,,-00.000010520000,   0.00000,
,,,-00.000010500000,   0.00000,
,,,-00.000010480000,   0.00000,
,,,-00.000010460000,   0.00000,
,,,-00.000010440000,   0.00000,
,,,-00.000010420000,   0.00000,
,,,-00.000010400000,   0.00000,
,,,-00.000010380000,   0.00000,
,,,-00.000010360000,   0.00000,
,,,-00.000010340000,   0.00000,
,,,-00.000010320000,   0.00000,
,,,-00.000010300000,-200.00000,
,,,-00.000010280000,-200.00000,
,,,-00.000010260000,-200.00000,
,,,-00.000010240000,-200.00000,
,,,-00.000010220000,-200.00000,
,,,-00.000010200000, 200.00000,
,,,-00.000010180000, 200.00000,
,,,-00.000010160000,   0.00000,
,,,-00.000010140000,   0.00000,
,,,-00.000010120000,   0.00000,
,,,-00.000010100000,   0.00000,
,,,-00.000010080000,   0.00000,
,,,-00.000010060000,-200.00000,
,,,-00.000010040000,   0.00000,
,,,-00.000010020000,-200.00000,
,,,-00.000010000000,   0.00000,
,,,-00.000009980000,   0.00000,
,,,-00.000009960000,   0.00000,
,,,-00.000009940000,-200.00000,
,,,-00.000009920000,-200.00000,
,,,-00.000009900000,   0.00000,
,,,-00.000009880000,   0.00000,
,,,-00.000009860000,   0.00000,
,,,-00.000009840000,-200.00000,
,,,-00.000009820000,   0.00000,
,,,-00.000009800000, 200.00000,
,,,-00.000009780000,-200.00000,
,,,-00.000009760000, 200.00000,
,,,-00.000009740000,   0.00000,
,,,-00.000009720000,-200.00000,
,,,-00.000009700000,   0.00000,
,,,-00.000009680000,   0.00000,
,,,-00.000009660000,   0.00000,
,,,-00.000009640000,   0.00000,
,,,-00.000009620000,   0.00000,
,,,-00.000009600000,   0.00000,
,,,-00.000009580000, 200.00000,
,,,-00.000009560000,   0.00000,
,,,-00.000009540000, 200.00000,
,,,-00.000009520000,   0.00000,
,,,-00.000009500000,   0.00000,
,,,-00.000009480000,-200.00000,
,,,-00.000009460000, 200.00000,
,,,-00.000009440000,   0.00000,
,,,-00.000009420000,   0.00000,
,,,-00.000009400000,-200.00000,
,,,-00.000009380000,   0.00000,
,,,-00.000009360000,   0.00000,
,,,-00.000009340000, 200.00000,
,,,-00.000009320000,-200.00000,
,,,-00.000009300000,   0.00000,
,,,-00.000009280000,-200.00000,
,,,-00.000009260000, 200.00000,
,,,-00.000009240000,-200.00000,
,,,-00.000009220000,   0.00000,
,,,-00.000009200000,   0.00000,
,,,-00.000009180000,   0.00000,
,,,-00.000009160000,   0.00000,
,,,-00.000009140000,-200.00000,
,,,-00.000009120000,-200.00000,
,,,-00.000009100000,   0.00000,
,,,-00.000009080000,   0.00000,
,,,-00.000009060000,   0.00000,
,,,-00.000009040000,   0.00000,
,,,-00.000009020000,   0.00000,
,,,-00.000009000000,   0.00000,
,,,-00.000008980000,   0.00000,
,,,-00.000008960000, 200.00000,
,,,-00.000008940000,   0.00000,
,,,-00.000008920000,-200.00000,
,,,-00.000008900000,   0.00000,
,,,-00.000008880000, 200.00000,
,,,-00.000008860000,   0.00000,
,,,-00.000008840000,   0.00000,
,,,-00.000008820000,   0.00000,
,,,-00.000008800000,-200.00000,
,,,-00.000008780000, 200.00000,
,,,-00.000008760000,   0.00000,
,,,-00.000008740000,   0.00000,
,,,-00.000008720000,   0.00000,
,,,-00.000008700000,   0.00000,
,,,-00.000008680000,   0.00000,
,,,-00.000008660000,   0.00000,
,,,-00.000008640000,   0.00000,
,,,-00.000008620000, 200.00000,
,,,-00.000008600000,   0.00000,
,,,-00.000008580000,   0.00000,
,,,-00.000008560000,   0.00000,
,,,-00.000008540000,   0.00000,
,,,-00.000008520000,   0.00000,
,,,-00.000008500000,   0.00000,
,,,-00.000008480000, 200.00000,
,,,-00.000008460000, 200.00000,
,,,-00.000008440000,   0.00000,
,,,-00.000008420000,   0.00000,
,,,-00.000008400000, 200.00000,
,,,-00.000008380000,   0.00000,
,,,-00.000008360000,   0.00000,
,,,-00.000008340000,-200.00000,
,,,-00.000008320000,   0.00000,
,,,-00.000008300000,-200.00000,
,,,-00.000008280000,   0.00000,
,,,-00.000008260000,   0.00000,
,,,-00.000008240000,-200.00000,
,,,-00.000008220000,   0.00000,
,,,-00.000008200000,   0.00000,
,,,-00.000008180000,   0.00000,
,,,-00.000008160000,   0.00000,
,,,-00.000008140000,   0.00000,
,,,-00.000008120000,   0.00000,
,,,-00.000008100000,   0.00000,
,,,-00.000008080000,   0.00000,
,,,-00.000008060000,   0.00000,
,,,-00.000008040000,   0.00000,
,,,-00.000008020000,   0.00000,
,,,-00.000008000000,   0.00000,
,,,-00.000007980000,   0.00000,
,,,-00.000007960000,   0.00000,
,,,-00.000007940000,   0.00000,
,,,-00.000007920000,-200.00000,
,,,-00.000007900000,-400.00000,
,,,-00.000007880000,   0.00000,
,,,-00.000007860000,   0.00000,
,,,-00.000007840000,   0.00000,
,,,-00.000007820000, 200.00000,
,,,-00.000007800000,-200.00000,
,,,-00.000007780000,   0.00000,
,,,-00.000007760000, 200.00000,
,,,-00.000007740000,   0.00000,
,,,-00.000007720000,   0.00000,
,,,-00.000007700000,   0.00000,
,,,-00.000007680000,   0.00000,
,,,-00.000007660000,   0.00000,
,,,-00.000007640000,   0.00000,
,,,-00.000007620000,-200.00000,
,,,-00.000007600000,   0.00000,
,,,-00.000007580000,-200.00000,
,,,-00.000007560000,-200.00000,
,,,-00.000007540000,-200.00000,
,,,-00.000007520000,   0.00000,
,,,-00.000007500000,-200.00000,
,,,-00.000007480000,   0.00000,
,,,-00.000007460000,   0.00000,
,,,-00.000007440000,-200.00000,
,,,-00.000007420000,   0.00000,
,,,-00.000007400000, 200.00000,
,,,-00.000007380000,   0.00000,
,,,-00.000007360000, 200.00000,
,,,-00.000007340000,-200.00000,
,,,-00.000007320000,   0.00000,
,,,-00.000007300000, 200.00000,
,,,-00.000007280000,   0.00000,
,,,-00.000007260000,-200.00000,
,,,-00.000007240000,-200.00000,
,,,-00.000007220000, 200.00000,
,,,-00.000007200000,   0.00000,
,,,-00.000007180000,   0.00000,
,,,-00.000007160000,   0.00000,
,,,-00.000007140000,-200.00000,
,,,-00.000007120000,-200.00000,
,,,-00.000007100000,   0.00000,
,,,-00.000007080000,   0.00000,
,,,-00.000007060000,   0.00000,
,,,-00.000007040000,   0.00000,
,,,-00.000007020000,   0.00000,
,,,-00.000007000000,   0.00000,
,,,-00.000006980000, 200.00000,
,,,-00.000006960000,   0.00000,
,,,-00.000006940000,   0.00000,
,,,-00.000006920000,   0.00000,
,,,-00.000006900000,   0.00000,
,,,-00.000006880000,   0.00000,
,,,-00.000006860000,   0.00000,
,,,-00.000006840000,   0.00000,
,,,-00.000006820000,-200.00000,
,,,-00.000006800000,   0.00000,
,,,-00.000006780000,   0.00000,
,,,-00.000006760000,   0.00000,
,,,-00.000006740000, 200.00000,
,,,-00.000006720000,   0.00000,
,,,-00.000006700000,   0.00000,
,,,-00.000006680000,-200.00000,
,,,-00.000006660000,   0.00000,
,,,-00.000006640000,   0.00000,
,,,-00.000006620000,-200.00000,
,,,-00.000006600000,   0.00000,
,,,-00.000006580000,   0.00000,
,,,-00.000006560000,   0.00000,
,,,-00.000006540000, 200.00000,
,,,-00.000006520000,-200.00000,
,,,-00.000006500000, 200.00000,
,,,-00.000006480000,   0.00000,
,,,-00.000006460000,-200.00000,
,,,-00.000006440000,   0.00000,
,,,-00.000006420000, 200.00000,
,,,-00.000006400000, 200.00000,
,,,-00.000006380000,   0.00000,
,,,-00.000006360000,   0.00000,
,,,-00.000006340000, 200.00000,
,,,-00.000006320000,   0.00000,
,,,-00.000006300000,-200.00000,
,,,-00.000006280000,   0.00000,
,,,-00.000006260000,   0.00000,
,,,-00.000006240000,   0.00000,
,,,-00.000006220000, 200.00000,
,,,-00.000006200000,   0.00000,
,,,-00.000006180000,   0.00000,
,,,-00.000006160000,-200.00000,
,,,-00.000006140000, 200.00000,
,,,-00.000006120000, 200.00000,
,,,-00.000006100000,-200.00000,
,,,-00.000006080000,   0.00000,
,,,-00.000006060000,-200.00000,
,,,-00.000006040000,   0.00000,
,,,-00.000006020000,   0.00000,
,,,-00.000006000000,-200.00000,
,,,-00.000005980000,   0.00000,
,,,-00.000005960000,   0.00000,
,,,-00.000005940000,   0.00000,
,,,-00.000005920000,   0.00000,
,,,-00.000005900000,   0.00000,
,,,-00.000005880000,   0.00000,
,,,-00.000005860000,   0.00000,
,,,-00.000005840000,   0.00000,
,,,-00.000005820000,   0.00000,
,,,-00.000005800000,   0.00000,
,,,-00.000005780000,   0.00000,
,,,-00.000005760000,   0.00000,
,,,-00.000005740000,   0.00000,
,,,-00.000005720000,   0.00000,
,,,-00.000005700000,   0.00000,
,,,-00.000005680000,   0.00000,
,,,-00.000005660000,   0.00000,
,,,-00.000005640000,   0.00000,
,,,-00.000005620000,   0.00000,
,,,-00.000005600000,   0.00000,
,,,-00.000005580000,   0.00000,
,,,-00.000005560000,   0.00000,
,,,-00.000005540000,   0.00000,
,,,-00.000005520000,-200.00000,
,,,-00.000005500000,   0.00000,
,,,-00.000005480000,   0.00000,
,,,-00.000005460000,-200.00000,
,,,-00.000005440000,   0.00000,
,,,-00.000005420000,   0.00000,
,,,-00.000005400000,   0.00000,
,,,-00.000005380000,   0.00000,
,,,-00.000005360000,   0.00000,
,,,-00.000005340000,   0.00000,
,,,-00.000005320000,-200.00000,
,,,-00.000005300000,   0.00000,
,,,-00.000005280000,   0.00000,
,,,-00.000005260000,   0.00000,
,,,-00.000005240000,   0.00000,
,,,-00.000005220000, 200.00000,
,,,-00.000005200000,   0.00000,
,,,-00.000005180000,   0.00000,
,,,-00.000005160000, 200.00000,
,,,-00.000005140000,-200.00000,
,,,-00.000005120000,   0.00000,
,,,-00.000005100000,   0.00000,
,,,-00.000005080000,   0.00000,
,,,-00.000005060000,   0.00000,
,,,-00.000005040000,   0.00000,
,,,-00.000005020000,   0.00000,
,,,-00.000005000000, 200.00000,
,,,-00.000004980000,   0.00000,
,,,-00.000004960000,   0.00000,
,,,-00.000004940000,   0.00000,
,,,-00.000004920000,   0.00000,
,,,-00.000004900000, 200.00000,
,,,-00.000004880000,-200.00000,
,,,-00.000004860000,   0.00000,
,,,-00.000004840000,   0.00000,
,,,-00.000004820000, 200.00000,
,,,-00.000004800000,   0.00000,
,,,-00.000004780000,-200.00000,
,,,-00.000004760000,   0.00000,
,,,-00.000004740000,   0.00000,
,,,-00.000004720000,   0.00000,
,,,-00.000004700000,-200.00000,
,,,-00.000004680000,-200.00000,
,,,-00.000004660000,   0.00000,
,,,-00.000004640000,   0.00000,
,,,-00.000004620000,   0.00000,
,,,-00.000004600000,   0.00000,
,,,-00.000004580000,   0.00000,
,,,-00.000004560000,   0.00000,
,,,-00.000004540000,-200.00000,
,,,-00.000004520000,   0.00000,
,,,-00.000004500000, 200.00000,
,,,-00.000004480000,   0.00000,
,,,-00.000004460000,   0.00000,
,,,-00.000004440000,   0.00000,
,,,-00.000004420000, 200.00000,
,,,-00.000004400000,   0.00000,
,,,-00.000004380000,   0.00000,
,,,-00.000004360000,   0.00000,
,,,-00.000004340000,   0.00000,
,,,-00.000004320000,   0.00000,
,,,-00.000004300000,   0.00000,
,,,-00.000004280000,   0.00000,
,,,-00.000004260000,   0.00000,
,,,-00.000004240000,   0.00000,
,,,-00.000004220000,   0.00000,
,,,-00.000004200000, 200.00000,
,,,-00.000004180000,   0.00000,
,,,-00.000004160000,   0.00000,
,,,-00.000004140000,   0.00000,
,,,-00.000004120000,   0.00000,
,,,-00.000004100000,   0.00000,
,,,-00.000004080000,   0.00000,
,,,-00.000004060000,   0.00000,
,,,-00.000004040000,   0.00000,
,,,-00.000004020000,   0.00000,
,,,-00.000004000000,   0.00000,
,,,-00.000003980000,-200.00000,
,,,-00.000003960000,-200.00000,
,,,-00.000003940000,-200.00000,
,,,-00.000003920000, 200.00000,
,,,-00.000003900000,   0.00000,
,,,-00.000003880000,   0.00000,
,,,-00.000003860000,   0.00000,
,,,-00.000003840000,-200.00000,
,,,-00.000003820000,   0.00000,
,,,-00.000003800000,   0.00000,
,,,-00.000003780000,   0.00000,
,,,-00.000003760000,   0.00000,
,,,-00.000003740000,   0.00000,
,,,-00.000003720000, 200.00000,
,,,-00.000003700000, 200.00000,
,,,-00.000003680000,   0.00000,
,,,-00.000003660000,   0.00000,
,,,-00.000003640000,   0.00000,
,,,-00.000003620000,   0.00000,
,,,-00.000003600000,   0.00000,
,,,-00.000003580000,   0.00000,
,,,-00.000003560000,   0.00000,
,,,-00.000003540000, 200.00000,
,,,-00.000003520000,   0.00000,
,,,-00.000003500000,   0.00000,
,,,-00.000003480000,   0.00000,
,,,-00.000003460000,   0.00000,
,,,-00.000003440000,   0.00000,
,,,-00.000003420000,   0.00000,
,,,-00.000003400000,   0.00000,
,,,-00.000003380000, 200.00000,
,,,-00.000003360000,   0.00000,
,,,-00.000003340000,   0.00000,
,,,-00.000003320000,   0.00000,
,,,-00.000003300000,-200.00000,
,,,-00.000003280000,-200.00000,
,,,-00.000003260000,   0.00000,
,,,-00.000003240000,   0.00000,
,,,-00.000003220000,   0.00000,
,,,-00.000003200000,   0.00000,
,,,-00.000003180000, 200.00000,
,,,-00.000003160000,-200.00000,
,,,-00.000003140000, 200.00000,
,,,-00.000003120000,   0.00000,
,,,-00.000003100000, 200.00000,
,,,-00.000003080000,-200.00000,
,,,-00.000003060000,   0.00000,
,,,-00.000003040000,   0.00000,
,,,-00.000003020000, 200.00000,
,,,-00.000003000000,-200.00000,
,,,-00.000002980000,   0.00000,
,,,-00.000002960000,   0.00000,
,,,-00.000002940000,   0.00000,
,,,-00.000002920000, 200.00000,
,,,-00.000002900000,   0.00000,
,,,-00.000002880000,   0.00000,
,,,-00.000002860000,-200.00000,
,,,-00.000002840000,   0.00000,
,,,-00.000002820000,-200.00000,
,,,-00.000002800000,   0.00000,
,,,-00.000002780000, 200.00000,
,,,-00.000002760000,   0.00000,
,,,-00.000002740000, 200.00000,
,,,-00.000002720000,-200.00000,
,,,-00.000002700000,   0.00000,
,,,-00.000002680000,   0.00000,
,,,-00.000002660000,-200.00000,
,,,-00.000002640000,   0.00000,
,,,-00.000002620000,   0.00000,
,,,-00.000002600000,   0.00000,
,,,-00.000002580000,   0.00000,
,,,-00.000002560000, 200.00000,
,,,-00.000002540000, 200.00000,
,,,-00.000002520000,   0.00000,
,,,-00.000002500000,   0.00000,
,,,-00.000002480000,   0.00000,
,,,-00.000002460000,   0.00000,
,,,-00.000002440000,   0.00000,
,,,-00.000002420000,   0.00000,
,,,-00.000002400000,   0.00000,
,,,-00.000002380000,   0.00000,
,,,-00.000002360000, 400.00000,
,,,-00.000002340000,   0.00000,
,,,-00.000002320000,   0.00000,
,,,-00.000002300000,   0.00000,
,,,-00.000002280000, 200.00000,
,,,-00.000002260000, 200.00000,
,,,-00.000002240000, 200.00000,
,,,-00.000002220000,   0.00000,
,,,-00.000002200000,   0.00000,
,,,-00.000002180000, 200.00000,
,,,-00.000002160000, 400.00000,
,,,-00.000002140000,   0.00000,
,,,-00.000002120000,   0.00000,
,,,-00.000002100000, 200.00000,
,,,-00.000002080000,   0.00000,
,,,-00.000002060000, 200.00000,
,,,-00.000002040000,   0.00000,
,,,-00.000002020000,   0.00000,
,,,-00.000002000000,   0.00000,
,,,-00.000001980000,   0.00000,
,,,-00.000001960000,   0.00000,
,,,-00.000001940000, 200.00000,
,,,-00.000001920000, 200.00000,
,,,-00.000001900000,   0.00000,
,,,-00.000001880000, 200.00000,
,,,-00.000001860000, 200.00000,
,,,-00.000001840000,   0.00000,
,,,-00.000001820000, 200.00000,
,,,-00.000001800000,   0.00000,
,,,-00.000001780000, 200.00000,
,,,-00.000001760000, 200.00000,
,,,-00.000001740000, 200.00000,
,,,-00.000001720000,   0.00000,
,,,-00.000001700000, 200.00000,
,,,-00.000001680000, 200.00000,
,,,-00.000001660000,   0.00000,
,,,-00.000001640000, 200.00000,
,,,-00.000001620000, 200.00000,
,,,-00.000001600000, 200.00000,
,,,-00.000001580000,   0.00000,
,,,-00.000001560000, 200.00000,
,,,-00.000001540000,   0.00000,
,,,-00.000001520000,   0.00000,
,,,-00.000001500000, 200.00000,
,,,-00.000001480000, 200.00000,
,,,-00.000001460000, 200.00000,
,,,-00.000001440000, 200.00000,
,,,-00.000001420000, 200.00000,
,,,-00.000001400000, 200.00000,
,,,-00.000001380000, 200.00000,
,,,-00.000001360000, 200.00000,
,,,-00.000001340000, 200.00000,
,,,-00.000001320000, 200.00000,
,,,-00.000001300000, 200.00000,
,,,-00.000001280000, 200.00000,
,,,-00.000001260000, 200.00000,
,,,-00.000001240000, 200.00000,
,,,-00.000001220000, 200.00000,
,,,-00.000001200000, 600.00000,
,,,-00.000001180000, 200.00000,
,,,-00.000001160000, 400.00000,
,,,-00.000001140000, 600.00000,
,,,-00.000001120000, 600.00000,
,,,-00.000001100000, 600.00000,
,,,-00.000001080000, 400.00000,
,,,-00.000001060000, 400.00000,
,,,-00.000001040000, 800.00000,
,,,-00.000001020000, 600.00000,
,,,-00.000001000000, 400.00000,
,,,-00.000000980000, 800.00000,
,,,-00.000000960000, 800.00000,
,,,-00.000000940000,1000.00000,
,,,-00.000000920000, 800.00000,
,,,-00.000000900000, 800.00000,
,,,-00.000000880000,1000.00000,
,,,-00.000000860000,1200.00000,
,,,-00.000000840000,1200.00000,
,,,-00.000000820000,1600.00000,
,,,-00.000000800000,1400.00000,
,,,-00.000000780000,1400.00000,
,,,-00.000000760000,1600.00000,
,,,-00.000000740000,1600.00000,
,,,-00.000000720000,1600.00000,
,,,-00.000000700000,2000.00000,
,,,-00.000000680000,2000.00000,
,,,-00.000000660000,2200.00000,
,,,-00.000000640000,2400.00000,
,,,-00.000000620000,2400.00000,
,,,-00.000000600000,2600.00000,
,,,-00.000000580000,2800.00000,
,,,-00.000000560000,3000.00000,
,,,-00.000000540000,3000.00000,
,,,-00.000000520000,3000.00000,
,,,-00.000000500000,3200.00000,
,,,-00.000000480000,3400.00000,
,,,-00.000000460000,3600.00000,
,,,-00.000000440000,3600.00000,
,,,-00.000000420000,4000.00000,
,,,-00.000000400000,4200.00000,
,,,-00.000000380000,4400.00000,
,,,-00.000000360000,4400.00000,
,,,-00.000000340000,4600.00000,
,,,-00.000000320000,4800.00000,
,,,-00.000000300000,5200.00000,
,,,-00.000000280000,5400.00000,
,,,-00.000000260000,5600.00000,
,,,-00.000000240000,5600.00000,
,,,-00.000000220000,5800.00000,
,,,-00.000000200000,6000.00000,
,,,-00.000000180000,6400.00000,
,,,-00.000000160000,6400.00000,
,,,-00.000000140000,6600.00000,
,,,-00.000000120000,6600.00000,
,,,-00.000000100000,7200.00000,
,,,-00.000000080000,7000.00000,
,,,-00.000000060000,7400.00000,
,,,-00.000000040000,7800.00000,
,,,-00.000000020000,8000.00000,
,,,-00.000000000000,8000.00000,
,,,00.000000020000,8000.00000,
,,,00.000000040000,8400.00000,
,,,00.000000060000,8600.00000,
,,,00.000000080000,8600.00000,
,,,00.000000100000,8800.00000,
,,,00.000000120000,8600.00000,
,,,00.000000140000,9400.00000,
,,,00.000000160000,9400.00000,
,,,00.000000180000,9400.00000,
,,,00.000000200000,9400.00000,
,,,00.000000220000,9800.00000,
,,,00.000000240000,10000.00000,
,,,00.000000260000,9800.00000,
,,,00.000000280000,10000.00000,
,,,00.000000300000,10000.00000,
,,,00.000000320000,10200.00000,
,,,00.000000340000,10200.00000,
,,,00.000000360000,10200.00000,
,,,00.000000380000,10400.00000,
,,,00.000000400000,10400.00000,
,,,00.000000420000,10400.00000,
,,,00.000000440000,10800.00000,
,,,00.000000460000,11000.00000,
,,,00.000000480000,10800.00000,
,,,00.000000500000,11000.00000,
,,,00.000000520000,11000.00000,
,,,00.000000540000,11000.00000,
,,,00.000000560000,11400.00000,
,,,00.000000580000,11200.00000,
,,,00.000000600000,11200.00000,
,,,00.000000620000,11400.00000,
,,,00.000000640000,11400.00000,
,,,00.000000660000,11400.00000,
,,,00.000000680000,11400.00000,
,,,00.000000700000,11600.00000,
,,,00.000000720000,11400.00000,
,,,00.000000740000,11400.00000,
,,,00.000000760000,11800.00000,
,,,00.000000780000,11600.00000,
,,,00.000000800000,11800.00000,
,,,00.000000820000,11800.00000,
,,,00.000000840000,11800.00000,
,,,00.000000860000,11800.00000,
,,,00.000000880000,11800.00000,
,,,00.000000900000,11800.00000,
,,,00.000000920000,11800.00000,
,,,00.000000940000,12200.00000,
,,,00.000000960000,11800.00000,
,,,00.000000980000,11800.00000,
,,,00.000001000000,12000.00000,
,,,00.000001020000,11800.00000,
,,,00.000001040000,12000.00000,
,,,00.000001060000,11800.00000,
,,,00.000001080000,11800.00000,
,,,00.000001100000,12000.00000,
,,,00.000001120000,12200.00000,
,,,00.000001140000,12000.00000,
,,,00.000001160000,12000.00000,
,,,00.000001180000,12000.00000,
,,,00.000001200000,11800.00000,
,,,00.000001220000,12000.00000,
,,,00.000001240000,11800.00000,
,,,00.000001260000,11800.00000,
,,,00.000001280000,11800.00000,
,,,00.000001300000,11800.00000,
,,,00.000001320000,11800.00000,
,,,00.000001340000,11800.00000,
,,,00.000001360000,12000.00000,
,,,00.000001380000,12000.00000,
,,,00.000001400000,11800.00000,
,,,00.000001420000,12200.00000,
,,,00.000001440000,11600.00000,
,,,00.000001460000,12000.00000,
,,,00.000001480000,11800.00000,
,,,00.000001500000,12000.00000,
,,,00.000001520000,11800.00000,
,,,00.000001540000,11600.00000,
,,,00.000001560000,11800.00000,
,,,00.000001580000,11600.00000,
,,,00.000001600000,11800.00000,
,,,00.000001620000,11600.00000,
,,,00.000001640000,11600.00000,
,,,00.000001660000,11800.00000,
,,,00.000001680000,11400.00000,
,,,00.000001700000,11800.00000,
,,,00.000001720000,11400.00000,
,,,00.000001740000,11400.00000,
,,,00.000001760000,11600.00000,
,,,00.000001780000,11600.00000,
,,,00.000001800000,11600.00000,
,,,00.000001820000,11400.00000,
,,,00.000001840000,11600.00000,
,,,00.000001860000,11400.00000,
,,,00.000001880000,11400.00000,
,,,00.000001900000,11600.00000,
,,,00.000001920000,11400.00000,
,,,00.000001940000,11400.00000,
,,,00.000001960000,11800.00000,
,,,00.000001980000,11400.00000,
,,,00.000002000000,11200.00000,
,,,00.000002020000,11600.00000,
,,,00.000002040000,11400.00000,
,,,00.000002060000,11400.00000,
,,,00.000002080000,11400.00000,
,,,00.000002100000,11200.00000,
,,,00.000002120000,11800.00000,
,,,00.000002140000,11400.00000,
,,,00.000002160000,11400.00000,
,,,00.000002180000,11200.00000,
,,,00.000002200000,11400.00000,
,,,00.000002220000,11400.00000,
,,,00.000002240000,11200.00000,
,,,00.000002260000,11400.00000,
,,,00.000002280000,11200.00000,
,,,00.000002300000,11400.00000,
,,,00.000002320000,11400.00000,
,,,00.000002340000,11200.00000,
,,,00.000002360000,11400.00000,
,,,00.000002380000,11400.00000,
,,,00.000002400000,11400.00000,
,,,00.000002420000,11200.00000,
,,,00.000002440000,11400.00000,
,,,00.000002460000,11400.00000,
,,,00.000002480000,11200.00000,
,,,00.000002500000,11400.00000,
,,,00.000002520000,11400.00000,
,,,00.000002540000,11400.00000,
,,,00.000002560000,11400.00000,
,,,00.000002580000,11200.00000,
,,,00.000002600000,11600.00000,
,,,00.000002620000,11400.00000,
,,,00.000002640000,11400.00000,
,,,00.000002660000,11200.00000,
,,,00.000002680000,11600.00000,
,,,00.000002700000,11200.00000,
,,,00.000002720000,11200.00000,
,,,00.000002740000,11600.00000,
,,,00.000002760000,11400.00000,
,,,00.000002780000,11400.00000,
,,,00.000002800000,11400.00000,
,,,00.000002820000,11400.00000,
,,,00.000002840000,11400.00000,
,,,00.000002860000,11200.00000,
,,,00.000002880000,11400.00000,
,,,00.000002900000,11400.00000,
,,,00.000002920000,11600.00000,
,,,00.000002940000,11400.00000,
,,,00.000002960000,11400.00000,
,,,00.000002980000,11400.00000,
,,,00.000003000000,11600.00000,
,,,00.000003020000,11600.00000,
,,,00.000003040000,11400.00000,
,,,00.000003060000,11400.00000,
,,,00.000003080000,11200.00000,
,,,00.000003100000,11600.00000,
,,,00.000003120000,11400.00000,
,,,00.000003140000,11400.00000,
,,,00.000003160000,11600.00000,
,,,00.000003180000,11400.00000,
,,,00.000003200000,11600.00000,
,,,00.000003220000,11200.00000,
,,,00.000003240000,11400.00000,
,,,00.000003260000,11400.00000,
,,,00.000003280000,11400.00000,
,,,00.000003300000,11600.00000,
,,,00.000003320000,11400.00000,
,,,00.000003340000,11600.00000,
,,,00.000003360000,11600.00000,
,,,00.000003380000,11400.00000,
,,,00.000003400000,11800.00000,
,,,00.000003420000,11400.00000,
,,,00.000003440000,11400.00000,
,,,00.000003460000,11400.00000,
,,,00.000003480000,11600.00000,
,,,00.000003500000,11400.00000,
,,,00.000003520000,11600.00000,
,,,00.000003540000,11600.00000,
,,,00.000003560000,11400.00000,
,,,00.000003580000,11600.00000,
,,,00.000003600000,11400.00000,
,,,00.000003620000,11600.00000,
,,,00.000003640000,11600.00000,
,,,00.000003660000,11600.00000,
,,,00.000003680000,11800.00000,
,,,00.000003700000,11600.00000,
,,,00.000003720000,11600.00000,
,,,00.000003740000,11600.00000,
,,,00.000003760000,11400.00000,
,,,00.000003780000,11600.00000,
,,,00.000003800000,11400.00000,
,,,00.000003820000,11600.00000,
,,,00.000003840000,11600.00000,
,,,00.000003860000,11600.00000,
,,,00.000003880000,11400.00000,
,,,00.000003900000,11600.00000,
,,,00.000003920000,11600.00000,
,,,00.000003940000,11600.00000,
,,,00.000003960000,11800.00000,
,,,00.000003980000,11400.00000,
,,,00.000004000000,11600.00000,
,,,00.000004020000,11600.00000,
,,,00.000004040000,11600.00000,
,,,00.000004060000,11600.00000,
,,,00.000004080000,11600.00000,
,,,00.000004100000,11800.00000,
,,,00.000004120000,11400.00000,
,,,00.000004140000,11600.00000,
,,,00.000004160000,11600.00000,
,,,00.000004180000,11800.00000,
,,,00.000004200000,11800.00000,
,,,00.000004220000,11400.00000,
,,,00.000004240000,11600.00000,
,,,00.000004260000,11400.00000,
,,,00.000004280000,11600.00000,
,,,00.000004300000,11800.00000,
,,,00.000004320000,11400.00000,
,,,00.000004340000,11600.00000,
,,,00.000004360000,11600.00000,
,,,00.000004380000,11600.00000,
,,,00.000004400000,11800.00000,
,,,00.000004420000,11600.00000,
,,,00.000004440000,11600.00000,
,,,00.000004460000,11400.00000,
,,,00.000004480000,11600.00000,
,,,00.000004500000,11600.00000,
,,,00.000004520000,11600.00000,
,,,00.000004540000,11800.00000,
,,,00.000004560000,11600.00000,
,,,00.000004580000,11800.00000,
,,,00.000004600000,11600.00000,
,,,00.000004620000,11800.00000,
,,,00.000004640000,11400.00000,
,,,00.000004660000,11600.00000,
,,,00.000004680000,11400.00000,
,,,00.000004700000,11800.00000,
,,,00.000004720000,11800.00000,
,,,00.000004740000,11800.00000,
,,,00.000004760000,11800.00000,
,,,00.000004780000,11600.00000,
,,,00.000004800000,11600.00000,
,,,00.000004820000,11800.00000,
,,,00.000004840000,11600.00000,
,,,00.000004860000,11600.00000,
,,,00.000004880000,11600.00000,
,,,00.000004900000,11800.00000,
,,,00.000004920000,11600.00000,
,,,00.000004940000,11400.00000,
,,,00.000004960000,11400.00000,
,,,00.000004980000,11600.00000,
,,,00.000005000000,11800.00000,
,,,00.000005020000,11400.00000,
,,,00.000005040000,11600.00000,
,,,00.000005060000,11400.00000,
,,,00.000005080000,11600.00000,
,,,00.000005100000,11400.00000,
,,,00.000005120000,11400.00000,
,,,00.000005140000,11800.00000,
,,,00.000005160000,11400.00000,
,,,00.000005180000,11600.00000,
,,,00.000005200000,11400.00000,
,,,00.000005220000,11600.00000,
,,,00.000005240000,11400.00000,
,,,00.000005260000,11600.00000,
,,,00.000005280000,11400.00000,
,,,00.000005300000,11400.00000,
,,,00.000005320000,11600.00000,
,,,00.000005340000,11400.00000,
,,,00.000005360000,11400.00000,
,,,00.000005380000,11600.00000,
,,,00.000005400000,11400.00000,
,,,00.000005420000,11400.00000,
,,,00.000005440000,11400.00000,
,,,00.000005460000,11600.00000,
,,,00.000005480000,11400.00000,
,,,00.000005500000,11400.00000,
,,,00.000005520000,11400.00000,
,,,00.000005540000,11600.00000,
,,,00.000005560000,11600.00000,
,,,00.000005580000,11400.00000,
,,,00.000005600000,11400.00000,
,,,00.000005620000,11600.00000,
,,,00.000005640000,11400.00000,
,,,00.000005660000,11800.00000,
,,,00.000005680000,11200.00000,
,,,00.000005700000,11400.00000,
,,,00.000005720000,11400.00000,
,,,00.000005740000,11600.00000,
,,,00.000005760000,11600.00000,
,,,00.000005780000,11200.00000,
,,,00.000005800000,11600.00000,
,,,00.000005820000,11400.00000,
,,,00.000005840000,11400.00000,
,,,00.000005860000,11400.00000,
,,,00.000005880000,11400.00000,
,,,00.000005900000,11200.00000,
,,,00.000005920000,11200.00000,
,,,00.000005940000,11400.00000,
,,,00.000005960000,11000.00000,
,,,00.000005980000,11400.00000,
,,,00.000006000000,11200.00000,
,,,00.000006020000,11400.00000,
,,,00.000006040000,11400.00000,
,,,00.000006060000,11200.00000,
,,,00.000006080000,11400.00000,
,,,00.000006100000,11400.00000,
,,,00.000006120000,11400.00000,
,,,00.000006140000,11200.00000,
,,,00.000006160000,11400.00000,
,,,00.000006180000,11400.00000,
,,,00.000006200000,11200.00000,
,,,00.000006220000,11600.00000,
,,,00.000006240000,11200.00000,
,,,00.000006260000,11200.00000,
,,,00.000006280000,11400.00000,
,,,00.000006300000,11200.00000,
,,,00.000006320000,11200.00000,
,,,00.000006340000,11200.00000,
,,,00.000006360000,11400.00000,
,,,00.000006380000,11400.00000,
,,,00.000006400000,11200.00000,
,,,00.000006420000,11400.00000,
,,,00.000006440000,11200.00000,
,,,00.000006460000,11200.00000,
,,,00.000006480000,11200.00000,
,,,00.000006500000,11200.00000,
,,,00.000006520000,11200.00000,
,,,00.000006540000,11200.00000,
,,,00.000006560000,11400.00000,
,,,00.000006580000,11200.00000,
,,,00.000006600000,11200.00000,
,,,00.000006620000,11200.00000,
,,,00.000006640000,11400.00000,
,,,00.000006660000,11200.00000,
,,,00.000006680000,11000.00000,
,,,00.000006700000,11400.00000,
,,,00.000006720000,11200.00000,
,,,00.000006740000,11200.00000,
,,,00.000006760000,11200.00000,
,,,00.000006780000,11000.00000,
,,,00.000006800000,11200.00000,
,,,00.000006820000,11000.00000,
,,,00.000006840000,11000.00000,
,,,00.000006860000,11200.00000,
,,,00.000006880000,11200.00000,
,,,00.000006900000,11200.00000,
,,,00.000006920000,11000.00000,
,,,00.000006940000,11200.00000,
,,,00.000006960000,11000.00000,
,,,00.000006980000,11200.00000,
,,,00.000007000000,11000.00000,
,,,00.000007020000,11000.00000,
,,,00.000007040000,11200.00000,
,,,00.000007060000,11000.00000,
,,,00.000007080000,11200.00000,
,,,00.000007100000,11000.00000,
,,,00.000007120000,11200.00000,
,,,00.000007140000,11000.00000,
,,,00.000007160000,11200.00000,
,,,00.000007180000,10800.00000,
,,,00.000007200000,11000.00000,
,,,00.000007220000,11200.00000,
,,,00.000007240000,10800.00000,
,,,00.000007260000,11000.00000,
,,,00.000007280000,10800.00000,
,,,00.000007300000,11200.00000,
,,,00.000007320000,11000.00000,
,,,00.000007340000,10800.00000,
,,,00.000007360000,11000.00000,
,,,00.000007380000,11000.00000,
,,,00.000007400000,11000.00000,
,,,00.000007420000,10800.00000,
,,,00.000007440000,11000.00000,
,,,00.000007460000,11000.00000,
,,,00.000007480000,11000.00000,
,,,00.000007500000,10800.00000,
,,,00.000007520000,11200.00000,
,,,00.000007540000,11200.00000,
,,,00.000007560000,10800.00000,
,,,00.000007580000,11000.00000,
,,,00.000007600000,11000.00000,
,,,00.000007620000,10800.00000,
,,,00.000007640000,11000.00000,
,,,00.000007660000,10800.00000,
,,,00.000007680000,11000.00000,
,,,00.000007700000,11000.00000,
,,,00.000007720000,10800.00000,
,,,00.000007740000,11200.00000,
,,,00.000007760000,10800.00000,
,,,00.000007780000,11000.00000,
,,,00.000007800000,10800.00000,
,,,00.000007820000,11000.00000,
,,,00.000007840000,10800.00000,
,,,00.000007860000,10800.00000,
,,,00.000007880000,11000.00000,
,,,00.000007900000,10800.00000,
,,,00.000007920000,10800.00000,
,,,00.000007940000,10400.00000,
,,,00.000007960000,10800.00000,
,,,00.000007980000,10800.00000,
,,,00.000008000000,10800.00000,
,,,00.000008020000,10600.00000,
,,,00.000008040000,10600.00000,
,,,00.000008060000,10800.00000,
,,,00.000008080000,10800.00000,
,,,00.000008100000,10800.00000,
,,,00.000008120000,11000.00000,
,,,00.000008140000,10600.00000,
,,,00.000008160000,10800.00000,
,,,00.000008180000,10800.00000,
,,,00.000008200000,10800.00000,
,,,00.000008220000,10800.00000,
,,,00.000008240000,10800.00000,
,,,00.000008260000,10800.00000,
,,,00.000008280000,10600.00000,
,,,00.000008300000,10600.00000,
,,,00.000008320000,10800.00000,
,,,00.000008340000,10800.00000,
,,,00.000008360000,10800.00000,
,,,00.000008380000,10600.00000,
,,,00.000008400000,10600.00000,
,,,00.000008420000,10400.00000,
,,,00.000008440000,10600.00000,
,,,00.000008460000,10600.00000,
,,,00.000008480000,10600.00000,
,,,00.000008500000,10800.00000,
,,,00.000008520000,10600.00000,
,,,00.000008540000,10800.00000,
,,,00.000008560000,10600.00000,
,,,00.000008580000,10800.00000,
,,,00.000008600000,10600.00000,
,,,00.000008620000,10400.00000,
,,,00.000008640000,10600.00000,
,,,00.000008660000,10400.00000,
,,,00.000008680000,10600.00000,
,,,00.000008700000,10400.00000,
,,,00.000008720000,10600.00000,
,,,00.000008740000,10600.00000,
,,,00.000008760000,10600.00000,
,,,00.000008780000,10600.00000,
,,,00.000008800000,10400.00000,
,,,00.000008820000,10600.00000,
,,,00.000008840000,10400.00000,
,,,00.000008860000,10600.00000,
,,,00.000008880000,10400.00000,
,,,00.000008900000,10400.00000,
,,,00.000008920000,10400.00000,
,,,00.000008940000,10400.00000,
,,,00.000008960000,10600.00000,
,,,00.000008980000,10400.00000,
,,,00.000009000000,10400.00000,
,,,00.000009020000,10400.00000,
,,,00.000009040000,10600.00000,
,,,00.000009060000,10200.00000,
,,,00.000009080000,10400.00000,
,,,00.000009100000,10400.00000,
,,,00.000009120000,10200.00000,
,,,00.000009140000,10400.00000,
,,,00.000009160000,10000.00000,
,,,00.000009180000,10200.00000,
,,,00.000009200000,10200.00000,
,,,00.000009220000,10200.00000,
,,,00.000009240000,10200.00000,
,,,00.000009260000,10400.00000,
,,,00.000009280000,10400.00000,
,,,00.000009300000,10400.00000,
,,,00.000009320000,10200.00000,
,,,00.000009340000,10600.00000,
,,,00.000009360000,10200.00000,
,,,00.000009380000,10400.00000,
,,,00.000009400000,10200.00000,
,,,00.000009420000,10400.00000,
,,,00.000009440000,10400.00000,
,,,00.000009460000,10000.00000,
,,,00.000009480000,10200.00000,
,,,00.000009500000,10200.00000,
,,,00.000009520000,10400.00000,
,,,00.000009540000,10000.00000,
,,,00.000009560000,10200.00000,
,,,00.000009580000,10200.00000,
,,,00.000009600000,10200.00000,
,,,00.000009620000,10400.00000,
,,,00.000009640000,10000.00000,
,,,00.000009660000,10200.00000,
,,,00.000009680000,10200.00000,
,,,00.000009700000,10200.00000,
,,,00.000009720000,10200.00000,
,,,00.000009740000,10000.00000,
,,,00.000009760000,10200.00000,
,,,00.000009780000,10000.00000,
,,,00.000009800000,10200.00000,
,,,00.000009820000,10000.00000,
,,,00.000009840000,9800.00000,
,,,00.000009860000,10000.00000,
,,,00.000009880000,10000.00000,
,,,00.000009900000,10200.00000,
,,,00.000009920000,9800.00000,
,,,00.000009940000,10000.00000,
,,,00.000009960000,10000.00000,
,,,00.000009980000,9800.00000,
,,,00.000010000000,10000.00000,
,,,00.000010020000,9800.00000,
,,,00.000010040000,10000.00000,
,,,00.000010060000,10000.00000,
,,,00.000010080000,9800.00000,
,,,00.000010100000,10200.00000,
,,,00.000010120000,9800.00000,
,,,00.000010140000,9800.00000,
,,,00.000010160000,9800.00000,
,,,00.000010180000,10200.00000,
,,,00.000010200000,9800.00000,
,,,00.000010220000,10000.00000,
,,,00.000010240000,10000.00000,
,,,00.000010260000,9800.00000,
,,,00.000010280000,9800.00000,
,,,00.000010300000,9800.00000,
,,,00.000010320000,10200.00000,
,,,00.000010340000,9800.00000,
,,,00.000010360000,10000.00000,
,,,00.000010380000,9800.00000,
,,,00.000010400000,9600.00000,
,,,00.000010420000,10000.00000,
,,,00.000010440000,9800.00000,
,,,00.000010460000,9800.00000,
,,,00.000010480000,9800.00000,
,,,00.000010500000,9800.00000,
,,,00.000010520000,9800.00000,
,,,00.000010540000,9800.00000,
,,,00.000010560000,10000.00000,
,,,00.000010580000,9400.00000,
,,,00.000010600000,9600.00000,
,,,00.000010620000,9400.00000,
,,,00.000010640000,9800.00000,
,,,00.000010660000,9600.00000,
,,,00.000010680000,9600.00000,
,,,00.000010700000,9600.00000,
,,,00.000010720000,9800.00000,
,,,00.000010740000,9800.00000,
,,,00.000010760000,9600.00000,
,,,00.000010780000,9600.00000,
,,,00.000010800000,9600.00000,
,,,00.000010820000,9600.00000,
,,,00.000010840000,9600.00000,
,,,00.000010860000,9600.00000,
,,,00.000010880000,9600.00000,
,,,00.000010900000,9600.00000,
,,,00.000010920000,9600.00000,
,,,00.000010940000,9400.00000,
,,,00.000010960000,9400.00000,
,,,00.000010980000,9400.00000,
,,,00.000011000000,9400.00000,
,,,00.000011020000,9600.00000,
,,,00.000011040000,9400.00000,
,,,00.000011060000,9400.00000,
,,,00.000011080000,9600.00000,
,,,00.000011100000,9400.00000,
,,,00.000011120000,9600.00000,
,,,00.000011140000,9000.00000,
,,,00.000011160000,9200.00000,
,,,00.000011180000,9400.00000,
,,,00.000011200000,9200.00000,
,,,00.000011220000,9200.00000,
,,,00.000011240000,9200.00000,
,,,00.000011260000,9200.00000,
,,,00.000011280000,9400.00000,
,,,00.000011300000,9200.00000,
,,,00.000011320000,9400.00000,
,,,00.000011340000,9000.00000,
,,,00.000011360000,9000.00000,
,,,00.000011380000,9200.00000,
,,,00.000011400000,9000.00000,
,,,00.000011420000,9200.00000,
,,,00.000011440000,9000.00000,
,,,00.000011460000,9000.00000,
,,,00.000011480000,8800.00000,
,,,00.000011500000,9000.00000,
,,,00.000011520000,8600.00000,
,,,00.000011540000,9200.00000,
,,,00.000011560000,9000.00000,
,,,00.000011580000,8800.00000,
,,,00.000011600000,9200.00000,
,,,00.000011620000,8800.00000,
,,,00.000011640000,8800.00000,
,,,00.000011660000,8800.00000,
,,,00.000011680000,9000.00000,
,,,00.000011700000,8800.00000,
,,,00.000011720000,8600.00000,
,,,00.000011740000,8800.00000,
,,,00.000011760000,8800.00000,
,,,00.000011780000,8600.00000,
,,,00.000011800000,8600.00000,
,,,00.000011820000,8600.00000,
,,,00.000011840000,8600.00000,
,,,00.000011860000,8400.00000,
,,,00.000011880000,8600.00000,
,,,00.000011900000,8200.00000,
,,,00.000011920000,8600.00000,
,,,00.000011940000,8400.00000,
,,,00.000011960000,8400.00000,
,,,00.000011980000,8400.00000,
,,,00.000012000000,8000.00000,
,,,00.000012020000,8400.00000,
,,,00.000012040000,8200.00000,
,,,00.000012060000,8200.00000,
,,,00.000012080000,8200.00000,
,,,00.000012100000,8200.00000,
,,,00.000012120000,8000.00000,
,,,00.000012140000,8000.00000,
,,,00.000012160000,7800.00000,
,,,00.000012180000,7800.00000,
,,,00.000012200000,8000.00000,
,,,00.000012220000,7800.00000,
,,,00.000012240000,7600.00000,
,,,00.000012260000,7800.00000,
,,,00.000012280000,7200.00000,
,,,00.000012300000,7400.00000,
,,,00.000012320000,7200.00000,
,,,00.000012340000,7200.00000,
,,,00.000012360000,7000.00000,
,,,00.000012380000,6600.00000,
,,,00.000012400000,6800.00000,
,,,00.000012420000,6600.00000,
,,,00.000012440000,6600.00000,
,,,00.000012460000,6200.00000,
,,,00.000012480000,6000.00000,
,,,00.000012500000,6000.00000,
,,,00.000012520000,6000.00000,
,,,00.000012540000,5600.00000,
,,,00.000012560000,5400.00000,
,,,00.000012580000,5400.00000,
,,,00.000012600000,5200.00000,
,,,00.000012620000,5000.00000,
,,,00.000012640000,5000.00000,
,,,00.000012660000,4600.00000,
,,,00.000012680000,4400.00000,
,,,00.000012700000,4200.00000,
,,,00.000012720000,4000.00000,
,,,00.000012740000,3800.00000,
,,,00.000012760000,3400.00000,
,,,00.000012780000,3400.00000,
,,,00.000012800000,3000.00000,
,,,00.000012820000,3000.00000,
,,,00.000012840000,2800.00000,
,,,00.000012860000,2600.00000,
,,,00.000012880000,2400.00000,
,,,00.000012900000,2200.00000,
,,,00.000012920000,2000.00000,
,,,00.000012940000,1600.00000,
,,,00.000012960000,1400.00000,
,,,00.000012980000,1200.00000,
,,,00.000013000000,1200.00000,
,,,00.000013020000,1000.00000,
,,,00.000013040000,1000.00000,
,,,00.000013060000, 800.00000,
,,,00.000013080000, 400.00000,
,,,00.000013100000, 600.00000,
,,,00.000013120000, 200.00000,
,,,00.000013140000, 200.00000,
,,,00.000013160000,   0.00000,
,,,00.000013180000,-200.00000,
,,,00.000013200000,   0.00000,
,,,00.000013220000,-200.00000,
,,,00.000013240000,   0.00000,
,,,00.000013260000,-400.00000,
,,,00.000013280000,-200.00000,
,,,00.000013300000,-200.00000,
,,,00.000013320000,-400.00000,
,,,00.000013340000,-600.00000,
,,,00.000013360000,-600.00000,
,,,00.000013380000,-600.00000,
,,,00.000013400000,-600.00000,
,,,00.000013420000,-400.00000,
,,,00.000013440000,-400.00000,
,,,00.000013460000,-400.00000,
,,,00.000013480000,-600.00000,
,,,00.000013500000,-400.00000,
,,,00.000013520000,-400.00000,
,,,00.000013540000,-400.00000,
,,,00.000013560000,-200.00000,
,,,00.000013580000,   0.00000,
,,,00.000013600000,   0.00000,
,,,00.000013620000,   0.00000,
,,,00.000013640000,   0.00000,
,,,00.000013660000, 400.00000,
,,,00.000013680000, 200.00000,
,,,00.000013700000, 400.00000,
,,,00.000013720000, 800.00000,
,,,00.000013740000, 800.00000,
,,,00.000013760000, 800.00000,
,,,00.000013780000, 800.00000,
,,,00.000013800000, 800.00000,
,,,00.000013820000,1000.00000,
,,,00.000013840000,1200.00000,
,,,00.000013860000,1400.00000,
,,,00.000013880000,1400.00000,
,,,00.000013900000,1800.00000,
,,,00.000013920000,1600.00000,
,,,00.000013940000,2000.00000,
,,,00.000013960000,2000.00000,
,,,00.000013980000,2000.00000,
,,,00.000014000000,2200.00000,
,,,00.000014020000,2200.00000,
,,,00.000014040000,2400.00000,
,,,00.000014060000,2600.00000,
,,,00.000014080000,2400.00000,
,,,00.000014100000,2600.00000,
,,,00.000014120000,2800.00000,
,,,00.000014140000,2800.00000,
,,,00.000014160000,3000.00000,
,,,00.000014180000,3000.00000,
,,,00.000014200000,3200.00000,
,,,00.000014220000,2800.00000,
,,,00.000014240000,3000.00000,
,,,00.000014260000,3000.00000,
,,,00.000014280000,3200.00000,
,,,00.000014300000,3200.00000,
,,,00.000014320000,3000.00000,
,,,00.000014340000,3000.00000,
,,,00.000014360000,3200.00000,
,,,00.000014380000,3000.00000,
,,,00.000014400000,3000.00000,
,,,00.000014420000,3200.00000,
,,,00.000014440000,3000.00000,
,,,00.000014460000,3000.00000,
,,,00.000014480000,3000.00000,
,,,00.000014500000,2800.00000,
,,,00.000014520000,2800.00000,
,,,00.000014540000,2800.00000,
,,,00.000014560000,2400.00000,
,,,00.000014580000,2400.00000,
,,,00.000014600000,2400.00000,
,,,00.000014620000,2400.00000,
,,,00.000014640000,2200.00000,
,,,00.000014660000,1800.00000,
,,,00.000014680000,2000.00000,
,,,00.000014700000,2000.00000,
,,,00.000014720000,1600.00000,
,,,00.000014740000,1600.00000,
,,,00.000014760000,1600.00000,
,,,00.000014780000,1400.00000,
,,,00.000014800000,1600.00000,
,,,00.000014820000,1200.00000,
,,,00.000014840000,1200.00000,
,,,00.000014860000,1000.00000,
,,,00.000014880000,1000.00000,
,,,00.000014900000,1000.00000,
,,,00.000014920000, 600.00000,
,,,00.000014940000, 400.00000,
,,,00.000014960000, 800.00000,
,,,00.000014980000, 800.00000,
,,,00.000015000000, 400.00000,
,,,00.000015020000, 400.00000,
,,,00.000015040000, 200.00000,
,,,00.000015060000, 200.00000,
,,,00.000015080000, 200.00000,
,,,00.000015100000,   0.00000,
,,,00.000015120000,   0.00000,
,,,00.000015140000,   0.00000,
,,,00.000015160000,   0.00000,
,,,00.000015180000,   0.00000,
,,,00.000015200000,   0.00000,
,,,00.000015220000,-200.00000,
,,,00.000015240000,   0.00000,
,,,00.000015260000,   0.00000,
,,,00.000015280000,   0.00000,
,,,00.000015300000,   0.00000,
,,,00.000015320000,   0.00000,
,,,00.000015340000,   0.00000,
,,,00.000015360000, 200.00000,
,,,00.000015380000, 200.00000,
,,,00.000015400000, 200.00000,
,,,00.000015420000, 400.00000,
,,,00.000015440000, 200.00000,
,,,00.000015460000, 200.00000,
,,,00.000015480000, 200.00000,
,,,00.000015500000, 400.00000,
,,,00.000015520000, 600.00000,
,,,00.000015540000, 800.00000,
,,,00.000015560000,1000.00000,
,,,00.000015580000, 800.00000,
,,,00.000015600000, 800.00000,
,,,00.000015620000, 800.00000,
,,,00.000015640000,1000.00000,
,,,00.000015660000,1200.00000,
,,,00.000015680000,1200.00000,
,,,00.000015700000,1200.00000,
,,,00.000015720000,1200.00000,
,,,00.000015740000,1400.00000,
,,,00.000015760000,1400.00000,
,,,00.000015780000,1600.00000,
,,,00.000015800000,1600.00000,
,,,00.000015820000,1800.00000,
,,,00.000015840000,1600.00000,
,,,00.000015860000,1600.00000,
,,,00.000015880000,1800.00000,
,,,00.000015900000,2000.00000,
,,,00.000015920000,2000.00000,
,,,00.000015940000,2000.00000,
,,,00.000015960000,1800.00000,
,,,00.000015980000,2200.00000,
,,,00.000016000000,2000.00000,
,,,00.000016020000,2000.00000,
,,,00.000016040000,2000.00000,
,,,00.000016060000,2200.00000,
,,,00.000016080000,2000.00000,
,,,00.000016100000,2000.00000,
,,,00.000016120000,2000.00000,
,,,00.000016140000,1800.00000,
,,,00.000016160000,2200.00000,
,,,00.000016180000,2000.00000,
,,,00.000016200000,1800.00000,
,,,00.000016220000,1800.00000,
,,,00.000016240000,1800.00000,
,,,00.000016260000,2000.00000,
,,,00.000016280000,1800.00000,
,,,00.000016300000,1600.00000,
,,,00.000016320000,1600.00000,
,,,00.000016340000,1200.00000,
,,,00.000016360000,1600.00000,
,,,00.000016380000,1200.00000,
,,,00.000016400000,1200.00000,
,,,00.000016420000,1400.00000,
,,,00.000016440000,1000.00000,
,,,00.000016460000,1000.00000,
,,,00.000016480000, 800.00000,
,,,00.000016500000, 800.00000,
,,,00.000016520000, 600.00000,
,,,00.000016540000, 800.00000,
,,,00.000016560000, 600.00000,
,,,00.000016580000, 600.00000,
,,,00.000016600000, 400.00000,
,,,00.000016620000, 400.00000,
,,,00.000016640000, 200.00000,
,,,00.000016660000, 200.00000,
,,,00.000016680000, 200.00000,
,,,00.000016700000, 400.00000,
,,,00.000016720000,   0.00000,
,,,00.000016740000, 200.00000,
,,,00.000016760000, 200.00000,
,,,00.000016780000,   0.00000,
,,,00.000016800000,   0.00000,
,,,00.000016820000,-200.00000,
,,,00.000016840000,   0.00000,
,,,00.000016860000,   0.00000,
,,,00.000016880000,   0.00000,
,,,00.000016900000,-200.00000,
,,,00.000016920000,   0.00000,
,,,00.000016940000,-200.00000,
,,,00.000016960000,   0.00000,
,,,00.000016980000,   0.00000,
,,,00.000017000000,   0.00000,
,,,00.000017020000,   0.00000,
,,,00.000017040000,   0.00000,
,,,00.000017060000, 200.00000,
,,,00.000017080000,   0.00000,
,,,00.000017100000,   0.00000,
,,,00.000017120000,   0.00000,
,,,00.000017140000, 200.00000,
,,,00.000017160000, 200.00000,
,,,00.000017180000, 200.00000,
,,,00.000017200000, 400.00000,
,,,00.000017220000, 600.00000,
,,,00.000017240000, 600.00000,
,,,00.000017260000, 800.00000,
,,,00.000017280000, 600.00000,
,,,00.000017300000, 600.00000,
,,,00.000017320000, 800.00000,
,,,00.000017340000,1000.00000,
,,,00.000017360000, 600.00000,
,,,00.000017380000, 800.00000,
,,,00.000017400000,1000.00000,
,,,00.000017420000,1200.00000,
,,,00.000017440000,1000.00000,
,,,00.000017460000,1000.00000,
,,,00.000017480000,1200.00000,
,,,00.000017500000,1000.00000,
,,,00.000017520000,1000.00000,
,,,00.000017540000,1200.00000,
,,,00.000017560000,1200.00000,
,,,00.000017580000,1200.00000,
,,,00.000017600000,1600.00000,
,,,00.000017620000,1400.00000,
,,,00.000017640000,1400.00000,
,,,00.000017660000,1200.00000,
,,,00.000017680000,1400.00000,
,,,00.000017700000,1200.00000,
,,,00.000017720000,1600.00000,
,,,00.000017740000,1200.00000,
,,,00.000017760000,1000.00000,
,,,00.000017780000,1400.00000,
,,,00.000017800000,1400.00000,
,,,00.000017820000,1400.00000,
,,,00.000017840000,1000.00000,
,,,00.000017860000,1200.00000,
,,,00.000017880000,1200.00000,
,,,00.000017900000,1000.00000,
,,,00.000017920000,1000.00000,
,,,00.000017940000,1000.00000,
,,,00.000017960000,1200.00000,
,,,00.000017980000,1000.00000,
,,,00.000018000000, 800.00000,
,,,00.000018020000,1000.00000,
,,,00.000018040000, 800.00000,
,,,00.000018060000, 800.00000,
,,,00.000018080000, 800.00000,
,,,00.000018100000, 600.00000,
,,,00.000018120000, 600.00000,
,,,00.000018140000, 600.00000,
,,,00.000018160000, 400.00000,
,,,00.000018180000, 200.00000,
,,,00.000018200000, 200.00000,
,,,00.000018220000, 200.00000,
,,,00.000018240000, 200.00000,
,,,00.000018260000, 200.00000,
,,,00.000018280000, 200.00000,
,,,00.000018300000, 200.00000,
,,,00.000018320000,-200.00000,
,,,00.000018340000,   0.00000,
,,,00.000018360000,   0.00000,
,,,00.000018380000,   0.00000,
,,,00.000018400000,-400.00000,
,,,00.000018420000,-200.00000,
,,,00.000018440000,-200.00000,
,,,00.000018460000,-200.00000,
,,,00.000018480000,-200.00000,
,,,00.000018500000,-400.00000,
,,,00.000018520000,-200.00000,
,,,00.000018540000,-400.00000,
,,,00.000018560000,-200.00000,
,,,00.000018580000,-400.00000,
,,,00.000018600000,-200.00000,
,,,00.000018620000,-400.00000,
,,,00.000018640000,-200.00000,
,,,00.000018660000,-200.00000,
,,,00.000018680000,-400.00000,
,,,00.000018700000,-200.00000,
,,,00.000018720000,-200.00000,
,,,00.000018740000,-200.00000,
,,,00.000018760000,-200.00000,
,,,00.000018780000,   0.00000,
,,,00.000018800000,   0.00000,
,,,00.000018820000, 200.00000,
,,,00.000018840000, 200.00000,
,,,00.000018860000, 200.00000,
,,,00.000018880000,   0.00000,
,,,00.000018900000, 200.00000,
,,,00.000018920000, 200.00000,
,,,00.000018940000, 400.00000,
,,,00.000018960000, 400.00000,
,,,00.000018980000, 600.00000,
,,,00.000019000000, 600.00000,
,,,00.000019020000, 200.00000,
,,,00.000019040000, 600.00000,
,,,00.000019060000, 400.00000,
,,,00.000019080000, 600.00000,
,,,00.000019100000, 600.00000,
,,,00.000019120000, 600.00000,
,,,00.000019140000, 600.00000,
,,,00.000019160000, 800.00000,
,,,00.000019180000,1000.00000,
,,,00.000019200000, 800.00000,
,,,00.000019220000, 800.00000,
,,,00.000019240000,1000.00000,
,,,00.000019260000, 800.00000,
,,,00.000019280000, 800.00000,
,,,00.000019300000, 800.00000,
,,,00.000019320000, 800.00000,
,,,00.000019340000, 800.00000,
,,,00.000019360000,1000.00000,
,,,00.000019380000, 800.00000,
,,,00.000019400000, 800.00000,
,,,00.000019420000, 800.00000,
,,,00.000019440000, 800.00000,
,,,00.000019460000, 800.00000,
,,,00.000019480000, 600.00000,
,,,00.000019500000, 600.00000,
,,,00.000019520000, 600.00000,
,,,00.000019540000, 600.00000,
,,,00.000019560000, 600.00000,
,,,00.000019580000, 600.00000,
,,,00.000019600000, 600.00000,
,,,00.000019620000, 600.00000,
,,,00.000019640000, 200.00000,
,,,00.000019660000, 200.00000,
,,,00.000019680000, 200.00000,
,,,00.000019700000, 400.00000,
,,,00.000019720000, 200.00000,
,,,00.000019740000,   0.00000,
,,,00.000019760000, 200.00000,
,,,00.000019780000,   0.00000,
,,,00.000019800000,-200.00000,
,,,00.000019820000,-200.00000,
,,,00.000019840000,   0.00000,
,,,00.000019860000,   0.00000,
,,,00.000019880000,-200.00000,
,,,00.000019900000,-400.00000,
,,,00.000019920000,-400.00000,
,,,00.000019940000,-400.00000,
,,,00.000019960000,-400.00000,
,,,00.000019980000,-600.00000,
,,,00.000020000000,-600.00000,
,,,00.000020020000,-600.00000,
,,,00.000020040000,-600.00000,
,,,00.000020060000,-400.00000,
,,,00.000020080000,-400.00000,
,,,00.000020100000,-600.00000,
,,,00.000020120000,-600.00000,
,,,00.000020140000,-400.00000,
,,,00.000020160000,-800.00000,
,,,00.000020180000,-800.00000,
,,,00.000020200000,-600.00000,
,,,00.000020220000,-600.00000,
,,,00.000020240000,-400.00000,
,,,00.000020260000,-600.00000,
,,,00.000020280000,-600.00000,
,,,00.000020300000,-600.00000,
,,,00.000020320000,-600.00000,
,,,00.000020340000,-600.00000,
,,,00.000020360000,-200.00000,
,,,00.000020380000,-400.00000,
,,,00.000020400000,-400.00000,
,,,00.000020420000,-400.00000,
,,,00.000020440000,-200.00000,
,,,00.000020460000,-200.00000,
,,,00.000020480000,-400.00000,
,,,00.000020500000,-200.00000,
,,,00.000020520000,   0.00000,
,,,00.000020540000,   0.00000,
,,,00.000020560000,-200.00000,
,,,00.000020580000,   0.00000,
,,,00.000020600000,   0.00000,
,,,00.000020620000, 200.00000,
,,,00.000020640000,   0.00000,
,,,00.000020660000, 200.00000,
,,,00.000020680000,   0.00000,
,,,00.000020700000, 200.00000,
,,,00.000020720000, 200.00000,
,,,00.000020740000, 200.00000,
,,,00.000020760000, 200.00000,
,,,00.000020780000, 200.00000,
,,,00.000020800000, 400.00000,
,,,00.000020820000, 400.00000,
,,,00.000020840000, 600.00000,
,,,00.000020860000, 400.00000,
,,,00.000020880000, 400.00000,
,,,00.000020900000, 200.00000,
,,,00.000020920000, 400.00000,
,,,00.000020940000, 400.00000,
,,,00.000020960000, 400.00000,
,,,00.000020980000, 400.00000,
,,,00.000021000000, 200.00000,
,,,00.000021020000, 400.00000,
,,,00.000021040000, 200.00000,
,,,00.000021060000, 200.00000,
,,,00.000021080000, 200.00000,
,,,00.000021100000, 200.00000,
,,,00.000021120000, 200.00000,
,,,00.000021140000, 200.00000,
,,,00.000021160000, 400.00000,
,,,00.000021180000, 200.00000,
,,,00.000021200000,   0.00000,
,,,00.000021220000,   0.00000,
,,,00.000021240000,   0.00000,
,,,00.000021260000,   0.00000,
,,,00.000021280000,   0.00000,
,,,00.000021300000, 200.00000,
,,,00.000021320000,   0.00000,
,,,00.000021340000,-400.00000,
,,,00.000021360000,-200.00000,
,,,00.000021380000,-200.00000,
,,,00.000021400000,-200.00000,
,,,00.000021420000,-600.00000,
,,,00.000021440000,-400.00000,
,,,00.000021460000,-400.00000,
,,,00.000021480000,-600.00000,
,,,00.000021500000,-400.00000,
,,,00.000021520000,-600.00000,
,,,00.000021540000,-600.00000,
,,,00.000021560000,-600.00000,
,,,00.000021580000,-600.00000,
,,,00.000021600000,-600.00000,
,,,00.000021620000,-800.00000,
,,,00.000021640000,-600.00000,
,,,00.000021660000,-800.00000,
,,,00.000021680000,-800.00000,
,,,00.000021700000,-800.00000,
,,,00.000021720000,-1000.00000,
,,,00.000021740000,-800.00000,
,,,00.000021760000,-800.00000,
,,,00.000021780000,-800.00000,
,,,00.000021800000,-1000.00000,
,,,00.000021820000,-800.00000,
,,,00.000021840000,-1000.00000,
,,,00.000021860000,-1000.00000,
,,,00.000021880000,-800.00000,
,,,00.000021900000,-600.00000,
,,,00.000021920000,-800.00000,
,,,00.000021940000,-800.00000,
,,,00.000021960000,-800.00000,
,,,00.000021980000,-600.00000,
,,,00.000022000000,-600.00000,
,,,00.000022020000,-600.00000,
,,,00.000022040000,-600.00000,
,,,00.000022060000,-600.00000,
,,,00.000022080000,-600.00000,
,,,00.000022100000,-400.00000,
,,,00.000022120000,-400.00000,
,,,00.000022140000,-600.00000,
,,,00.000022160000,-400.00000,
,,,00.000022180000,-400.00000,
,,,00.000022200000,-400.00000,
,,,00.000022220000,-200.00000,
,,,00.000022240000,-400.00000,
,,,00.000022260000,-200.00000,
,,,00.000022280000,-400.00000,
,,,00.000022300000,-200.00000,
,,,00.000022320000,-200.00000,
,,,00.000022340000,   0.00000,
,,,00.000022360000,-200.00000,
,,,00.000022380000,-200.00000,
,,,00.000022400000,-200.00000,
,,,00.000022420000,   0.00000,
,,,00.000022440000,-200.00000,
,,,00.000022460000,-200.00000,
,,,00.000022480000,-200.00000,
,,,00.000022500000,-200.00000,
,,,00.000022520000,   0.00000,
,,,00.000022540000, 200.00000,
,,,00.000022560000,   0.00000,
,,,00.000022580000,   0.00000,
,,,00.000022600000,   0.00000,
,,,00.000022620000,-200.00000,
,,,00.000022640000,   0.00000,
,,,00.000022660000,-200.00000,
,,,00.000022680000,-200.00000,
,,,00.000022700000,   0.00000,
,,,00.000022720000,-200.00000,
,,,00.000022740000,-400.00000,
,,,00.000022760000,-200.00000,
,,,00.000022780000,-200.00000,
,,,00.000022800000,-400.00000,
,,,00.000022820000,-200.00000,
,,,00.000022840000,-400.00000,
,,,00.000022860000,-400.00000,
,,,00.000022880000,-400.00000,
,,,00.000022900000,-400.00000,
,,,00.000022920000,-600.00000,
,,,00.000022940000,-400.00000,
,,,00.000022960000,-600.00000,
,,,00.000022980000,-800.00000,
,,,00.000023000000,-600.00000,
,,,00.000023020000,-1000.00000,
,,,00.000023040000,-600.00000,
,,,00.000023060000,-600.00000,
,,,00.000023080000,-1000.00000,
,,,00.000023100000,-800.00000,
,,,00.000023120000,-800.00000,
,,,00.000023140000,-800.00000,
,,,00.000023160000,-800.00000,
,,,00.000023180000,-1000.00000,
,,,00.000023200000,-800.00000,
,,,00.000023220000,-1000.00000,
,,,00.000023240000,-800.00000,
,,,00.000023260000,-1000.00000,
,,,00.000023280000,-800.00000,
,,,00.000023300000,-800.00000,
,,,00.000023320000,-1000.00000,
,,,00.000023340000,-1000.00000,
,,,00.000023360000,-1000.00000,
,,,00.000023380000,-1000.00000,
,,,00.000023400000,-1000.00000,
,,,00.000023420000,-800.00000,
,,,00.000023440000,-1000.00000,
,,,00.000023460000,-1000.00000,
,,,00.000023480000,-1000.00000,
,,,00.000023500000,-1200.00000,
,,,00.000023520000,-1000.00000,
,,,00.000023540000,-1200.00000,
,,,00.000023560000,-800.00000,
,,,00.000023580000,-800.00000,
,,,00.000023600000,-1000.00000,
,,,00.000023620000,-800.00000,
,,,00.000023640000,-800.00000,
,,,00.000023660000,-800.00000,
,,,00.000023680000,-1000.00000,
,,,00.000023700000,-800.00000,
,,,00.000023720000,-600.00000,
,,,00.000023740000,-800.00000,
,,,00.000023760000,-800.00000,
,,,00.000023780000,-1000.00000,
,,,00.000023800000,-600.00000,
,,,00.000023820000,-600.00000,
,,,00.000023840000,-600.00000,
,,,00.000023860000,-600.00000,
,,,00.000023880000,-800.00000,
,,,00.000023900000,-600.00000,
,,,00.000023920000,-800.00000,
,,,00.000023940000,-600.00000,
,,,00.000023960000,-600.00000,
,,,00.000023980000,-600.00000,
,,,00.000024000000,-400.00000,
,,,00.000024020000,-600.00000,
,,,00.000024040000,-600.00000,
,,,00.000024060000,-600.00000,
,,,00.000024080000,-800.00000,
,,,00.000024100000,-400.00000,
,,,00.000024120000,-600.00000,
,,,00.000024140000,-800.00000,
,,,00.000024160000,-600.00000,
,,,00.000024180000,-400.00000,
,,,00.000024200000,-600.00000,
,,,00.000024220000,-800.00000,
,,,00.000024240000,-600.00000,
,,,00.000024260000,-800.00000,
,,,00.000024280000,-600.00000,
,,,00.000024300000,-800.00000,
,,,00.000024320000,-400.00000,
,,,00.000024340000,-800.00000,
,,,00.000024360000,-600.00000,
,,,00.000024380000,-400.00000,
,,,00.000024400000,-600.00000,
,,,00.000024420000,-800.00000,
,,,00.000024440000,-1000.00000,
,,,00.000024460000,-600.00000,
,,,00.000024480000,-800.00000,
,,,00.000024500000,-800.00000,
,,,00.000024520000,-800.00000,
,,,00.000024540000,-600.00000,
,,,00.000024560000,-800.00000,
,,,00.000024580000,-1000.00000,
,,,00.000024600000,-800.00000,
,,,00.000024620000,-600.00000,
,,,00.000024640000,-800.00000,
,,,00.000024660000,-800.00000,
,,,00.000024680000,-1000.00000,
,,,00.000024700000,-1200.00000,
,,,00.000024720000,-1000.00000,
,,,00.000024740000,-1000.00000,
,,,00.000024760000,-1000.00000,
,,,00.000024780000,-800.00000,
,,,00.000024800000,-1000.00000,
,,,00.000024820000,-1200.00000,
,,,00.000024840000,-1200.00000,
,,,00.000024860000,-1000.00000,
,,,00.000024880000,-1200.00000,
,,,00.000024900000,-1200.00000,
,,,00.000024920000,-1000.00000,
,,,00.000024940000,-1000.00000,
,,,00.000024960000,-1200.00000,
,,,00.000024980000,-1400.00000,
,,,00.000025000000,-1400.00000,
,,,00.000025020000,-1200.00000,
,,,00.000025040000,-1200.00000,
,,,00.000025060000,-1200.00000,
,,,00.000025080000,-1200.00000,
,,,00.000025100000,-1200.00000,
,,,00.000025120000,-1000.00000,
,,,00.000025140000,-1200.00000,
,,,00.000025160000,-1200.00000,
,,,00.000025180000,-1000.00000,
,,,00.000025200000,-1400.00000,
,,,00.000025220000,-1200.00000,
,,,00.000025240000,-1200.00000,
,,,00.000025260000,-1200.00000,
,,,00.000025280000,-1200.00000,
,,,00.000025300000,-1200.00000,
,,,00.000025320000,-1200.00000,
,,,00.000025340000,-1200.00000,
,,,00.000025360000,-1000.00000,
,,,00.000025380000,-1200.00000,
,,,00.000025400000,-1000.00000,
,,,00.000025420000,-1200.00000,
,,,00.000025440000,-1200.00000,
,,,00.000025460000,-1000.00000,
,,,00.000025480000,-1000.00000,
,,,00.000025500000,-1000.00000,
,,,00.000025520000,-1000.00000,
,,,00.000025540000,-1000.00000,
,,,00.000025560000,-800.00000,
,,,00.000025580000,-1200.00000,
,,,00.000025600000,-1000.00000,
,,,00.000025620000,-1000.00000,
,,,00.000025640000,-800.00000,
,,,00.000025660000,-800.00000,
,,,00.000025680000,-1000.00000,
,,,00.000025700000,-600.00000,
,,,00.000025720000,-1000.00000,
,,,00.000025740000,-1000.00000,
,,,00.000025760000,-1000.00000,
,,,00.000025780000,-1000.00000,
,,,00.000025800000,-800.00000,
,,,00.000025820000,-1200.00000,
,,,00.000025840000,-1000.00000,
,,,00.000025860000,-1000.00000,
,,,00.000025880000,-1000.00000,
,,,00.000025900000,-800.00000,
,,,00.000025920000,-1000.00000,
,,,00.000025940000,-800.00000,
,,,00.000025960000,-1000.00000,
,,,00.000025980000,-800.00000,
,,,00.000026000000,-1000.00000,
,,,00.000026020000,-800.00000,
,,,00.000026040000,-1200.00000,
,,,00.000026060000,-1000.00000,
,,,00.000026080000,-1000.00000,
,,,00.000026100000,-1200.00000,
,,,00.000026120000,-1000.00000,
,,,00.000026140000,-1200.00000,
,,,00.000026160000,-1200.00000,
,,,00.000026180000,-800.00000,
,,,00.000026200000,-1200.00000,
,,,00.000026220000,-1000.00000,
,,,00.000026240000,-1200.00000,
,,,00.000026260000,-1200.00000,
,,,00.000026280000,-1000.00000,
,,,00.000026300000,-1000.00000,
,,,00.000026320000,-1200.00000,
,,,00.000026340000,-1400.00000,
,,,00.000026360000,-1200.00000,
,,,00.000026380000,-1200.00000,
,,,00.000026400000,-1400.00000,
,,,00.000026420000,-1400.00000,
,,,00.000026440000,-1200.00000,
,,,00.000026460000,-1400.00000,
,,,00.000026480000,-1400.00000,
,,,00.000026500000,-1200.00000,
,,,00.000026520000,-1400.00000,
,,,00.000026540000,-1400.00000,
,,,00.000026560000,-1400.00000,
,,,00.000026580000,-1200.00000,
,,,00.000026600000,-1400.00000,
,,,00.000026620000,-1400.00000,
,,,00.000026640000,-1400.00000,
,,,00.000026660000,-1400.00000,
,,,00.000026680000,-1600.00000,
,,,00.000026700000,-1600.00000,
,,,00.000026720000,-1600.00000,
,,,00.000026740000,-1400.00000,
,,,00.000026760000,-1600.00000,
,,,00.000026780000,-1600.00000,
,,,00.000026800000,-1800.00000,
,,,00.000026820000,-1800.00000,
,,,00.000026840000,-1600.00000,
,,,00.000026860000,-1800.00000,
,,,00.000026880000,-1800.00000,
,,,00.000026900000,-1800.00000,
,,,00.000026920000,-1600.00000,
,,,00.000026940000,-2000.00000,
,,,00.000026960000,-1800.00000,
,,,00.000026980000,-1800.00000,
,,,00.000027000000,-1800.00000,
,,,00.000027020000,-1600.00000,
,,,00.000027040000,-1800.00000,
,,,00.000027060000,-2000.00000,
,,,00.000027080000,-1600.00000,
,,,00.000027100000,-1800.00000,
,,,00.000027120000,-2000.00000,
,,,00.000027140000,-1800.00000,
,,,00.000027160000,-1800.00000,
,,,00.000027180000,-1800.00000,
,,,00.000027200000,-1800.00000,
,,,00.000027220000,-1800.00000,
,,,00.000027240000,-1800.00000,
,,,00.000027260000,-2000.00000,
,,,00.000027280000,-2000.00000,
,,,00.000027300000,-2000.00000,
,,,00.000027320000,-2000.00000,
,,,00.000027340000,-2000.00000,
,,,00.000027360000,-2000.00000,
,,,00.000027380000,-2000.00000,
,,,00.000027400000,-2000.00000,
,,,00.000027420000,-2000.00000,
,,,00.000027440000,-2200.00000,
,,,00.000027460000,-2200.00000,
,,,00.000027480000,-2400.00000,
,,,00.000027500000,-2200.00000,
,,,00.000027520000,-2400.00000,
,,,00.000027540000,-2200.00000,
,,,00.000027560000,-2400.00000,
,,,00.000027580000,-2400.00000,
,,,00.000027600000,-2600.00000,
,,,00.000027620000,-2200.00000,
,,,00.000027640000,-2600.00000,
,,,00.000027660000,-2600.00000,
,,,00.000027680000,-2400.00000,
,,,00.000027700000,-2600.00000,
,,,00.000027720000,-2600.00000,
,,,00.000027740000,-2600.00000,
,,,00.000027760000,-2600.00000,
,,,00.000027780000,-2800.00000,
,,,00.000027800000,-2600.00000,
,,,00.000027820000,-2800.00000,
,,,00.000027840000,-2800.00000,
,,,00.000027860000,-2800.00000,
,,,00.000027880000,-3000.00000,
,,,00.000027900000,-2800.00000,
,,,00.000027920000,-2800.00000,
,,,00.000027940000,-2800.00000,
,,,00.000027960000,-3200.00000,
,,,00.000027980000,-3000.00000,
,,,00.000028000000,-3000.00000,
,,,00.000028020000,-3000.00000,
,,,00.000028040000,-3000.00000,
,,,00.000028060000,-3200.00000,
,,,00.000028080000,-3200.00000,
,,,00.000028100000,-3200.00000,
,,,00.000028120000,-3000.00000,
,,,00.000028140000,-3000.00000,
,,,00.000028160000,-3000.00000,
,,,00.000028180000,-3400.00000,
,,,00.000028200000,-3400.00000,
,,,00.000028220000,-3200.00000,
,,,00.000028240000,-3400.00000,
,,,00.000028260000,-3400.00000,
,,,00.000028280000,-3600.00000,
,,,00.000028300000,-3600.00000,
,,,00.000028320000,-3600.00000,
,,,00.000028340000,-3600.00000,
,,,00.000028360000,-3600.00000,
,,,00.000028380000,-3600.00000,
,,,00.000028400000,-3800.00000,
,,,00.000028420000,-3800.00000,
,,,00.000028440000,-3800.00000,
,,,00.000028460000,-3800.00000,
,,,00.000028480000,-3600.00000,
,,,00.000028500000,-4000.00000,
,,,00.000028520000,-4000.00000,
,,,00.000028540000,-4000.00000,
,,,00.000028560000,-4000.00000,
,,,00.000028580000,-4200.00000,
,,,00.000028600000,-4200.00000,
,,,00.000028620000,-4200.00000,
,,,00.000028640000,-4200.00000,
,,,00.000028660000,-4200.00000,
,,,00.000028680000,-4400.00000,
,,,00.000028700000,-4400.00000,
,,,00.000028720000,-4400.00000,
,,,00.000028740000,-4400.00000,
,,,00.000028760000,-4400.00000,
,,,00.000028780000,-4600.00000,
,,,00.000028800000,-4600.00000,
,,,00.000028820000,-4400.00000,
,,,00.000028840000,-4400.00000,
,,,00.000028860000,-4600.00000,
,,,00.000028880000,-4800.00000,
,,,00.000028900000,-4600.00000,
,,,00.000028920000,-4600.00000,
,,,00.000028940000,-4800.00000,
,,,00.000028960000,-5000.00000,
,,,00.000028980000,-5000.00000,
,,,00.000029000000,-5000.00000,
,,,00.000029020000,-5000.00000,
,,,00.000029040000,-5000.00000,
,,,00.000029060000,-5000.00000,
,,,00.000029080000,-5000.00000,
,,,00.000029100000,-5000.00000,
,,,00.000029120000,-5200.00000,
,,,00.000029140000,-5000.00000,
,,,00.000029160000,-5200.00000,
,,,00.000029180000,-5400.00000,
,,,00.000029200000,-5200.00000,
,,,00.000029220000,-5400.00000,
,,,00.000029240000,-5200.00000,
,,,00.000029260000,-5200.00000,
,,,00.000029280000,-5400.00000,
,,,00.000029300000,-5400.00000,
,,,00.000029320000,-5600.00000,
,,,00.000029340000,-5600.00000,
,,,00.000029360000,-5600.00000,
,,,00.000029380000,-5600.00000,
,,,00.000029400000,-5600.00000,
,,,00.000029420000,-5400.00000,
,,,00.000029440000,-5800.00000,
,,,00.000029460000,-5600.00000,
,,,00.000029480000,-5600.00000,
,,,00.000029500000,-5600.00000,
,,,00.000029520000,-5600.00000,
,,,00.000029540000,-5800.00000,
,,,00.000029560000,-5800.00000,
,,,00.000029580000,-5600.00000,
,,,00.000029600000,-5600.00000,
,,,00.000029620000,-6000.00000,
,,,00.000029640000,-5800.00000,
,,,00.000029660000,-5600.00000,
,,,00.000029680000,-5800.00000,
,,,00.000029700000,-6000.00000,
,,,00.000029720000,-6200.00000,
,,,00.000029740000,-6000.00000,
,,,00.000029760000,-5800.00000,
,,,00.000029780000,-6000.00000,
,,,00.000029800000,-6000.00000,
,,,00.000029820000,-6200.00000,
,,,00.000029840000,-6000.00000,
,,,00.000029860000,-6000.00000,
,,,00.000029880000,-6200.00000,
,,,00.000029900000,-6000.00000,
,,,00.000029920000,-6000.00000,
,,,00.000029940000,-6200.00000,
,,,00.000029960000,-6000.00000,
,,,00.000029980000,-6000.00000,
,,,00.000030000000,-6200.00000,
,,,00.000030020000,-6200.00000,
,,,00.000030040000,-6200.00000,
,,,00.000030060000,-6200.00000,
,,,00.000030080000,-6000.00000,
,,,00.000030100000,-6400.00000,
,,,00.000030120000,-6200.00000,
,,,00.000030140000,-6000.00000,
,,,00.000030160000,-6400.00000,
,,,00.000030180000,-6200.00000,
,,,00.000030200000,-6200.00000,
,,,00.000030220000,-6200.00000,
,,,00.000030240000,-6200.00000,
,,,00.000030260000,-6000.00000,
,,,00.000030280000,-6000.00000,
,,,00.000030300000,-6200.00000,
,,,00.000030320000,-6400.00000,
,,,00.000030340000,-6200.00000,
,,,00.000030360000,-6200.00000,
,,,00.000030380000,-6400.00000,
,,,00.000030400000,-6200.00000,
,,,00.000030420000,-6200.00000,
,,,00.000030440000,-6200.00000,
,,,00.000030460000,-6400.00000,
,,,00.000030480000,-6000.00000,
,,,00.000030500000,-6000.00000,
,,,00.000030520000,-6200.00000,
,,,00.000030540000,-6200.00000,
,,,00.000030560000,-6200.00000,
,,,00.000030580000,-6400.00000,
,,,00.000030600000,-6400.00000,
,,,00.000030620000,-6200.00000,
,,,00.000030640000,-6200.00000,
,,,00.000030660000,-6400.00000,
,,,00.000030680000,-6400.00000,
,,,00.000030700000,-6400.00000,
,,,00.000030720000,-6200.00000,
,,,00.000030740000,-6200.00000,
,,,00.000030760000,-6200.00000,
,,,00.000030780000,-6400.00000,
,,,00.000030800000,-6200.00000,
,,,00.000030820000,-6400.00000,
,,,00.000030840000,-6400.00000,
,,,00.000030860000,-6400.00000,
,,,00.000030880000,-6400.00000,
,,,00.000030900000,-6400.00000,
,,,00.000030920000,-6400.00000,
,,,00.000030940000,-6400.00000,
,,,00.000030960000,-6400.00000,
,,,00.000030980000,-6400.00000,
,,,00.000031000000,-6400.00000,
,,,00.000031020000,-6400.00000,
,,,00.000031040000,-6200.00000,
,,,00.000031060000,-6400.00000,
,,,00.000031080000,-6400.00000,
,,,00.000031100000,-6200.00000,
,,,00.000031120000,-6200.00000,
,,,00.000031140000,-6200.00000,
,,,00.000031160000,-6400.00000,
,,,00.000031180000,-6400.00000,
,,,00.000031200000,-6200.00000,
,,,00.000031220000,-6400.00000,
,,,00.000031240000,-6200.00000,
,,,00.000031260000,-6400.00000,
,,,00.000031280000,-6200.00000,
,,,00.000031300000,-6400.00000,
,,,00.000031320000,-6200.00000,
,,,00.000031340000,-6400.00000,
,,,00.000031360000,-6200.00000,
,,,00.000031380000,-6600.00000,
,,,00.000031400000,-6200.00000,
,,,00.000031420000,-6200.00000,
,,,00.000031440000,-6200.00000,
,,,00.000031460000,-6400.00000,
,,,00.000031480000,-6200.00000,
,,,00.000031500000,-6200.00000,
,,,00.000031520000,-6400.00000,
,,,00.000031540000,-6400.00000,
,,,00.000031560000,-6200.00000,
,,,00.000031580000,-6200.00000,
,,,00.000031600000,-6400.00000,
,,,00.000031620000,-6400.00000,
,,,00.000031640000,-6400.00000,
,,,00.000031660000,-6600.00000,
,,,00.000031680000,-6400.00000,
,,,00.000031700000,-6600.00000,
,,,00.000031720000,-6400.00000,
,,,00.000031740000,-6400.00000,
,,,00.000031760000,-6400.00000,
,,,00.000031780000,-6400.00000,
,,,00.000031800000,-6400.00000,
,,,00.000031820000,-6200.00000,
,,,00.000031840000,-6400.00000,
,,,00.000031860000,-6200.00000,
,,,00.000031880000,-6400.00000,
,,,00.000031900000,-6200.00000,
,,,00.000031920000,-6200.00000,
,,,00.000031940000,-6400.00000,
,,,00.000031960000,-6400.00000,
,,,00.000031980000,-6400.00000,
,,,00.000032000000,-6400.00000,
,,,00.000032020000,-6200.00000,
,,,00.000032040000,-6400.00000,
,,,00.000032060000,-6200.00000,
,,,00.000032080000,-6400.00000,
,,,00.000032100000,-6000.00000,
,,,00.000032120000,-6200.00000,
,,,00.000032140000,-6400.00000,
,,,00.000032160000,-6400.00000,
,,,00.000032180000,-6600.00000,
,,,00.000032200000,-6400.00000,
,,,00.000032220000,-6400.00000,
,,,00.000032240000,-6400.00000,
,,,00.000032260000,-6400.00000,
,,,00.000032280000,-6200.00000,
,,,00.000032300000,-6200.00000,
,,,00.000032320000,-6200.00000,
,,,00.000032340000,-6400.00000,
,,,00.000032360000,-6600.00000,
,,,00.000032380000,-6200.00000,
,,,00.000032400000,-6400.00000,
,,,00.000032420000,-6200.00000,
,,,00.000032440000,-6400.00000,
,,,00.000032460000,-6400.00000,
,,,00.000032480000,-6200.00000,
,,,00.000032500000,-6400.00000,
,,,00.000032520000,-6200.00000,
,,,00.000032540000,-6200.00000,
,,,00.000032560000,-6600.00000,
,,,00.000032580000,-6400.00000,
,,,00.000032600000,-6200.00000,
,,,00.000032620000,-6400.00000,
,,,00.000032640000,-6600.00000,
,,,00.000032660000,-6200.00000,
,,,00.000032680000,-6200.00000,
,,,00.000032700000,-6400.00000,
,,,00.000032720000,-6400.00000,
,,,00.000032740000,-6400.00000,
,,,00.000032760000,-6400.00000,
,,,00.000032780000,-6200.00000,
,,,00.000032800000,-6400.00000,
,,,00.000032820000,-6400.00000,
,,,00.000032840000,-6200.00000,
,,,00.000032860000,-6400.00000,
,,,00.000032880000,-6400.00000,
,,,00.000032900000,-6600.00000,
,,,00.000032920000,-6600.00000,
,,,00.000032940000,-6400.00000,
,,,00.000032960000,-6200.00000,
,,,00.000032980000,-6400.00000,
,,,00.000033000000,-6400.00000,
,,,00.000033020000,-6200.00000,
,,,00.000033040000,-6000.00000,
,,,00.000033060000,-6200.00000,
,,,00.000033080000,-6200.00000,
,,,00.000033100000,-6400.00000,
,,,00.000033120000,-6400.00000,
,,,00.000033140000,-6200.00000,
,,,00.000033160000,-6600.00000,
,,,00.000033180000,-6400.00000,
,,,00.000033200000,-6200.00000,
,,,00.000033220000,-6200.00000,
,,,00.000033240000,-6200.00000,
,,,00.000033260000,-6200.00000,
,,,00.000033280000,-6400.00000,
,,,00.000033300000,-6400.00000,
,,,00.000033320000,-6400.00000,
,,,00.000033340000,-6000.00000,
,,,00.000033360000,-6400.00000,
,,,00.000033380000,-6400.00000,
,,,00.000033400000,-6200.00000,
,,,00.000033420000,-6400.00000,
,,,00.000033440000,-6400.00000,
,,,00.000033460000,-6400.00000,
,,,00.000033480000,-6200.00000,
,,,00.000033500000,-6400.00000,
,,,00.000033520000,-6200.00000,
,,,00.000033540000,-6200.00000,
,,,00.000033560000,-6400.00000,
,,,00.000033580000,-6200.00000,
,,,00.000033600000,-6400.00000,
,,,00.000033620000,-6400.00000,
,,,00.000033640000,-6200.00000,
,,,00.000033660000,-6400.00000,
,,,00.000033680000,-6400.00000,
,,,00.000033700000,-6200.00000,
,,,00.000033720000,-6400.00000,
,,,00.000033740000,-6400.00000,
,,,00.000033760000,-6200.00000,
,,,00.000033780000,-6200.00000,
,,,00.000033800000,-6200.00000,
,,,00.000033820000,-6200.00000,
,,,00.000033840000,-6200.00000,
,,,00.000033860000,-6200.00000,
,,,00.000033880000,-6200.00000,
,,,00.000033900000,-6200.00000,
,,,00.000033920000,-6200.00000,
,,,00.000033940000,-6400.00000,
,,,00.000033960000,-6200.00000,
,,,00.000033980000,-6200.00000,
,,,00.000034000000,-6400.00000,
,,,00.000034020000,-6200.00000,
,,,00.000034040000,-6200.00000,
,,,00.000034060000,-6200.00000,
,,,00.000034080000,-6200.00000,
,,,00.000034100000,-6000.00000,
,,,00.000034120000,-6000.00000,
,,,00.000034140000,-6000.00000,
,,,00.000034160000,-6200.00000,
,,,00.000034180000,-6200.00000,
,,,00.000034200000,-6000.00000,
,,,00.000034220000,-6200.00000,
,,,00.000034240000,-6000.00000,
,,,00.000034260000,-5800.00000,
,,,00.000034280000,-6000.00000,
,,,00.000034300000,-6200.00000,
,,,00.000034320000,-6200.00000,
,,,00.000034340000,-6200.00000,
,,,00.000034360000,-6000.00000,
,,,00.000034380000,-6200.00000,
,,,00.000034400000,-6200.00000,
,,,00.000034420000,-6200.00000,
,,,00.000034440000,-6000.00000,
,,,00.000034460000,-6200.00000,
,,,00.000034480000,-6000.00000,
,,,00.000034500000,-5800.00000,
,,,00.000034520000,-6000.00000,
,,,00.000034540000,-6000.00000,
,,,00.000034560000,-6200.00000,
,,,00.000034580000,-6200.00000,
,,,00.000034600000,-6000.00000,
,,,00.000034620000,-6000.00000,
,,,00.000034640000,-6000.00000,
,,,00.000034660000,-5800.00000,
,,,00.000034680000,-5800.00000,
,,,00.000034700000,-6000.00000,
,,,00.000034720000,-6200.00000,
,,,00.000034740000,-6000.00000,
,,,00.000034760000,-5800.00000,
,,,00.000034780000,-6000.00000,
,,,00.000034800000,-6000.00000,
,,,00.000034820000,-5800.00000,
,,,00.000034840000,-5800.00000,
,,,00.000034860000,-6000.00000,
,,,00.000034880000,-5800.00000,
,,,00.000034900000,-6400.00000,
,,,00.000034920000,-6000.00000,
,,,00.000034940000,-6000.00000,
,,,00.000034960000,-6000.00000,
,,,00.000034980000,-6000.00000,
,,,00.000035000000,-6000.00000,
,,,00.000035020000,-6000.00000,
,,,00.000035040000,-5800.00000,
,,,00.000035060000,-5800.00000,
,,,00.000035080000,-5800.00000,
,,,00.000035100000,-5800.00000,
,,,00.000035120000,-5600.00000,
,,,00.000035140000,-5800.00000,
,,,00.000035160000,-5800.00000,
,,,00.000035180000,-5600.00000,
,,,00.000035200000,-5600.00000,
,,,00.000035220000,-5600.00000,
,,,00.000035240000,-5600.00000,
,,,00.000035260000,-5800.00000,
,,,00.000035280000,-5800.00000,
,,,00.000035300000,-5800.00000,
,,,00.000035320000,-5600.00000,
,,,00.000035340000,-5600.00000,
,,,00.000035360000,-5400.00000,
,,,00.000035380000,-5600.00000,
,,,00.000035400000,-5600.00000,
,,,00.000035420000,-5600.00000,
,,,00.000035440000,-5600.00000,
,,,00.000035460000,-5600.00000,
,,,00.000035480000,-5600.00000,
,,,00.000035500000,-5400.00000,
,,,00.000035520000,-5400.00000,
,,,00.000035540000,-5400.00000,
,,,00.000035560000,-5200.00000,
,,,00.000035580000,-5600.00000,
,,,00.000035600000,-5400.00000,
,,,00.000035620000,-5200.00000,
,,,00.000035640000,-5400.00000,
,,,00.000035660000,-5600.00000,
,,,00.000035680000,-5200.00000,
,,,00.000035700000,-5400.00000,
,,,00.000035720000,-5400.00000,
,,,00.000035740000,-5200.00000,
,,,00.000035760000,-5200.00000,
,,,00.000035780000,-5200.00000,
,,,00.000035800000,-5000.00000,
,,,00.000035820000,-5000.00000,
,,,00.000035840000,-5000.00000,
,,,00.000035860000,-5000.00000,
,,,00.000035880000,-5000.00000,
,,,00.000035900000,-5000.00000,
,,,00.000035920000,-5000.00000,
,,,00.000035940000,-5200.00000,
,,,00.000035960000,-5000.00000,
,,,00.000035980000,-4800.00000,
,,,00.000036000000,-4800.00000,
,,,00.000036020000,-5000.00000,
,,,00.000036040000,-4800.00000,
,,,00.000036060000,-4800.00000,
,,,00.000036080000,-5000.00000,
,,,00.000036100000,-5000.00000,
,,,00.000036120000,-5000.00000,
,,,00.000036140000,-4800.00000,
,,,00.000036160000,-4800.00000,
,,,00.000036180000,-4800.00000,
,,,00.000036200000,-4600.00000,
,,,00.000036220000,-4800.00000,
,,,00.000036240000,-4800.00000,
,,,00.000036260000,-4800.00000,
,,,00.000036280000,-4600.00000,
,,,00.000036300000,-4600.00000,
,,,00.000036320000,-4600.00000,
,,,00.000036340000,-4600.00000,
,,,00.000036360000,-4600.00000,
,,,00.000036380000,-4600.00000,
,,,00.000036400000,-4600.00000,
,,,00.000036420000,-4600.00000,
,,,00.000036440000,-4600.00000,
,,,00.000036460000,-4600.00000,
,,,00.000036480000,-4600.00000,
,,,00.000036500000,-4600.00000,
,,,00.000036520000,-4600.00000,
,,,00.000036540000,-4600.00000,
,,,00.000036560000,-4400.00000,
,,,00.000036580000,-4600.00000,
,,,00.000036600000,-4600.00000,
,,,00.000036620000,-4600.00000,
,,,00.000036640000,-4400.00000,
,,,00.000036660000,-4400.00000,
,,,00.000036680000,-4400.00000,
,,,00.000036700000,-4400.00000,
,,,00.000036720000,-4400.00000,
,,,00.000036740000,-4400.00000,
,,,00.000036760000,-4400.00000,
,,,00.000036780000,-4400.00000,
,,,00.000036800000,-4400.00000,
,,,00.000036820000,-4200.00000,
,,,00.000036840000,-4200.00000,
,,,00.000036860000,-4400.00000,
,,,00.000036880000,-4400.00000,
,,,00.000036900000,-4200.00000,
,,,00.000036920000,-4000.00000,
,,,00.000036940000,-4200.00000,
,,,00.000036960000,-4000.00000,
,,,00.000036980000,-4200.00000,
,,,00.000037000000,-4200.00000,
,,,00.000037020000,-4000.00000,
,,,00.000037040000,-4200.00000,
,,,00.000037060000,-4200.00000,
,,,00.000037080000,-4000.00000,
,,,00.000037100000,-4000.00000,
,,,00.000037120000,-4000.00000,
,,,00.000037140000,-4000.00000,
,,,00.000037160000,-4000.00000,
,,,00.000037180000,-4000.00000,
,,,00.000037200000,-3800.00000,
,,,00.000037220000,-3800.00000,
,,,00.000037240000,-4000.00000,
,,,00.000037260000,-3800.00000,
,,,00.000037280000,-4000.00000,
,,,00.000037300000,-3600.00000,
,,,00.000037320000,-3800.00000,
,,,00.000037340000,-3600.00000,
,,,00.000037360000,-4000.00000,
,,,00.000037380000,-4000.00000,
,,,00.000037400000,-3800.00000,
,,,00.000037420000,-3800.00000,
,,,00.000037440000,-3600.00000,
,,,00.000037460000,-4000.00000,
,,,00.000037480000,-3800.00000,
,,,00.000037500000,-3800.00000,
,,,00.000037520000,-3600.00000,
,,,00.000037540000,-3600.00000,
,,,00.000037560000,-3600.00000,
,,,00.000037580000,-3800.00000,
,,,00.000037600000,-3800.00000,
,,,00.000037620000,-3800.00000,
,,,00.000037640000,-4000.00000,
,,,00.000037660000,-3600.00000,
,,,00.000037680000,-3800.00000,
,,,00.000037700000,-3600.00000,
,,,00.000037720000,-3800.00000,
,,,00.000037740000,-3800.00000,
,,,00.000037760000,-4000.00000,
,,,00.000037780000,-3800.00000,
,,,00.000037800000,-3800.00000,
,,,00.000037820000,-3600.00000,
,,,00.000037840000,-3600.00000,
,,,00.000037860000,-3600.00000,
,,,00.000037880000,-3600.00000,
,,,00.000037900000,-3600.00000,
,,,00.000037920000,-3800.00000,
,,,00.000037940000,-3800.00000,
,,,00.000037960000,-3600.00000,
,,,00.000037980000,-3600.00000,
,,,00.000038000000,-3800.00000,
,,,00.000038020000,-3400.00000,
,,,00.000038040000,-3600.00000,
,,,00.000038060000,-3800.00000,
,,,00.000038080000,-3600.00000,
,,,00.000038100000,-3600.00000,
,,,00.000038120000,-3400.00000,
,,,00.000038140000,-3600.00000,
,,,00.000038160000,-3600.00000,
,,,00.000038180000,-3600.00000,
,,,00.000038200000,-3600.00000,
,,,00.000038220000,-3600.00000,
,,,00.000038240000,-3600.00000,
,,,00.000038260000,-3600.00000,
,,,00.000038280000,-3600.00000,
,,,00.000038300000,-3600.00000,
,,,00.000038320000,-3600.00000,
,,,00.000038340000,-3600.00000,
,,,00.000038360000,-3400.00000,
,,,00.000038380000,-3600.00000,
,,,00.000038400000,-3600.00000,
,,,00.000038420000,-3400.00000,
,,,00.000038440000,-3400.00000,
,,,00.000038460000,-3200.00000,
,,,00.000038480000,-3800.00000,
,,,00.000038500000,-3600.00000,
,,,00.000038520000,-3600.00000,
,,,00.000038540000,-3400.00000,
,,,00.000038560000,-3400.00000,
,,,00.000038580000,-3400.00000,
,,,00.000038600000,-3600.00000,
,,,00.000038620000,-3400.00000,
,,,00.000038640000,-3400.00000,
,,,00.000038660000,-3600.00000,
,,,00.000038680000,-3600.00000,
,,,00.000038700000,-3400.00000,
,,,00.000038720000,-3600.00000,
,,,00.000038740000,-3400.00000,
,,,00.000038760000,-3400.00000,
,,,00.000038780000,-3600.00000,
