Record Length,2.500000e+03,,  -0.000006200000,   0.00000,
Sample Interval,2.000000e-08,,  -0.000006180000,  -0.40000,
Trigger Point,3.100000000000e+02,,  -0.000006160000,  -0.40000,
,,,  -0.000006140000,   0.00000,
,,,  -0.000006120000,  -0.40000,
,,,  -0.000006100000,   0.00000,
Source,CH2,,  -0.000006080000,  -0.40000,
Vertical Units,A,,  -0.000006060000,   0.40000,
Vertical Scale,1.000000e+01,,  -0.000006040000,  -0.40000,
Vertical Offset,0.000000e+00,,  -0.000006020000,  -0.40000,
Horizontal Units,s,,  -0.000006000000,  -0.40000,
Horizontal Scale,5.000000e-06,,  -0.000005980000,   0.00000,
Pt Fmt,Y,,  -0.000005960000,  -0.40000,
Yzero,0.000000e+00,,  -0.000005940000,   0.00000,
Probe Atten,1.000000e+02,,  -0.000005920000,   0.00000,
Model Number,TDS2012C,,  -0.000005900000,   0.00000,
Serial Number,C023195,,  -0.000005880000,   0.00000,
Firmware Version,FV:v24.18,,  -0.000005860000,  -0.40000,
,,,-00.000005840000,   0.00000,
,,,-00.000005820000,   0.00000,
,,,-00.000005800000,   0.00000,
,,,-00.000005780000,  -0.40000,
,,,-00.000005760000,   0.00000,
,,,-00.000005740000,   0.00000,
,,,-00.000005720000,  -0.40000,
,,,-00.000005700000,   0.00000,
,,,-00.000005680000,  -0.40000,
,,,-00.000005660000,   0.00000,
,,,-00.000005640000,   0.00000,
,,,-00.000005620000,   0.00000,
,,,-00.000005600000,  -0.40000,
,,,-00.000005580000,   0.00000,
,,,-00.000005560000,   0.40000,
,,,-00.000005540000,   0.00000,
,,,-00.000005520000,   0.00000,
,,,-00.000005500000,  -0.40000,
,,,-00.000005480000,  -0.40000,
,,,-00.000005460000,   0.00000,
,,,-00.000005440000,  -0.40000,
,,,-00.000005420000,   0.00000,
,,,-00.000005400000,  -0.40000,
,,,-00.000005380000,  -0.40000,
,,,-00.000005360000,   0.00000,
,,,-00.000005340000,   0.00000,
,,,-00.000005320000,   0.00000,
,,,-00.000005300000,  -0.40000,
,,,-00.000005280000,   0.40000,
,,,-00.000005260000,  -0.40000,
,,,-00.000005240000,   0.00000,
,,,-00.000005220000,   0.00000,
,,,-00.000005200000,  -0.40000,
,,,-00.000005180000,  -0.40000,
,,,-00.000005160000,   0.00000,
,,,-00.000005140000,   0.00000,
,,,-00.000005120000,  -0.40000,
,,,-00.000005100000,   0.00000,
,,,-00.000005080000,   0.40000,
,,,-00.000005060000,   0.00000,
,,,-00.000005040000,   0.00000,
,,,-00.000005020000,   0.00000,
,,,-00.000005000000,  -0.40000,
,,,-00.000004980000,   0.00000,
,,,-00.000004960000,  -0.40000,
,,,-00.000004940000,   0.00000,
,,,-00.000004920000,  -0.40000,
,,,-00.000004900000,   0.00000,
,,,-00.000004880000,   0.00000,
,,,-00.000004860000,  -0.40000,
,,,-00.000004840000,  -0.40000,
,,,-00.000004820000,   0.00000,
,,,-00.000004800000,   0.00000,
,,,-00.000004780000,   0.00000,
,,,-00.000004760000,   0.40000,
,,,-00.000004740000,  -0.40000,
,,,-00.000004720000,  -0.40000,
,,,-00.000004700000,   0.40000,
,,,-00.000004680000,   0.00000,
,,,-00.000004660000,   0.00000,
,,,-00.000004640000,   0.00000,
,,,-00.000004620000,  -0.40000,
,,,-00.000004600000,  -0.40000,
,,,-00.000004580000,   0.40000,
,,,-00.000004560000,  -0.40000,
,,,-00.000004540000,  -0.40000,
,,,-00.000004520000,   0.00000,
,,,-00.000004500000,   0.00000,
,,,-00.000004480000,   0.00000,
,,,-00.000004460000,   0.00000,
,,,-00.000004440000,  -0.40000,
,,,-00.000004420000,  -0.40000,
,,,-00.000004400000,  -0.40000,
,,,-00.000004380000,   0.00000,
,,,-00.000004360000,  -0.40000,
,,,-00.000004340000,  -0.40000,
,,,-00.000004320000,   0.00000,
,,,-00.000004300000,   0.00000,
,,,-00.000004280000,  -0.40000,
,,,-00.000004260000,  -0.40000,
,,,-00.000004240000,   0.00000,
,,,-00.000004220000,   0.00000,
,,,-00.000004200000,  -0.40000,
,,,-00.000004180000,  -0.40000,
,,,-00.000004160000,  -0.40000,
,,,-00.000004140000,   0.00000,
,,,-00.000004120000,   0.00000,
,,,-00.000004100000,  -0.40000,
,,,-00.000004080000,   0.00000,
,,,-00.000004060000,  -0.40000,
,,,-00.000004040000,  -0.40000,
,,,-00.000004020000,   0.00000,
,,,-00.000004000000,   0.00000,
,,,-00.000003980000,  -0.40000,
,,,-00.000003960000,  -0.40000,
,,,-00.000003940000,   0.40000,
,,,-00.000003920000,  -0.40000,
,,,-00.000003900000,   0.00000,
,,,-00.000003880000,  -0.40000,
,,,-00.000003860000,  -0.40000,
,,,-00.000003840000,  -0.40000,
,,,-00.000003820000,   0.00000,
,,,-00.000003800000,   0.00000,
,,,-00.000003780000,   0.00000,
,,,-00.000003760000,   0.00000,
,,,-00.000003740000,   0.00000,
,,,-00.000003720000,   0.00000,
,,,-00.000003700000,  -0.40000,
,,,-00.000003680000,   0.00000,
,,,-00.000003660000,  -0.40000,
,,,-00.000003640000,   0.00000,
,,,-00.000003620000,  -0.40000,
,,,-00.000003600000,   0.00000,
,,,-00.000003580000,   0.00000,
,,,-00.000003560000,   0.00000,
,,,-00.000003540000,   0.00000,
,,,-00.000003520000,   0.00000,
,,,-00.000003500000,   0.00000,
,,,-00.000003480000,  -0.40000,
,,,-00.000003460000,   0.00000,
,,,-00.000003440000,  -0.40000,
,,,-00.000003420000,  -0.40000,
,,,-00.000003400000,  -0.40000,
,,,-00.000003380000,   0.00000,
,,,-00.000003360000,  -0.40000,
,,,-00.000003340000,   0.00000,
,,,-00.000003320000,  -0.40000,
,,,-00.000003300000,   0.00000,
,,,-00.000003280000,  -0.40000,
,,,-00.000003260000,  -0.40000,
,,,-00.000003240000,  -0.40000,
,,,-00.000003220000,   0.00000,
,,,-00.000003200000,   0.00000,
,,,-00.000003180000,   0.00000,
,,,-00.000003160000,   0.00000,
,,,-00.000003140000,  -0.40000,
,,,-00.000003120000,   0.00000,
,,,-00.000003100000,  -0.40000,
,,,-00.000003080000,  -0.40000,
,,,-00.000003060000,   0.00000,
,,,-00.000003040000,   0.00000,
,,,-00.000003020000,   0.00000,
,,,-00.000003000000,   0.00000,
,,,-00.000002980000,   0.40000,
,,,-00.000002960000,  -0.40000,
,,,-00.000002940000,   0.00000,
,,,-00.000002920000,   0.00000,
,,,-00.000002900000,   0.00000,
,,,-00.000002880000,  -0.40000,
,,,-00.000002860000,  -0.40000,
,,,-00.000002840000,   0.00000,
,,,-00.000002820000,  -0.40000,
,,,-00.000002800000,   0.40000,
,,,-00.000002780000,   0.00000,
,,,-00.000002760000,   0.00000,
,,,-00.000002740000,   0.00000,
,,,-00.000002720000,  -0.40000,
,,,-00.000002700000,   0.00000,
,,,-00.000002680000,  -0.40000,
,,,-00.000002660000,   0.00000,
,,,-00.000002640000,  -0.40000,
,,,-00.000002620000,  -0.40000,
,,,-00.000002600000,  -0.40000,
,,,-00.000002580000,  -0.40000,
,,,-00.000002560000,  -0.40000,
,,,-00.000002540000,  -0.40000,
,,,-00.000002520000,   0.00000,
,,,-00.000002500000,   0.00000,
,,,-00.000002480000,   0.00000,
,,,-00.000002460000,  -0.40000,
,,,-00.000002440000,  -0.40000,
,,,-00.000002420000,  -0.40000,
,,,-00.000002400000,   0.00000,
,,,-00.000002380000,   0.00000,
,,,-00.000002360000,  -0.80000,
,,,-00.000002340000,   0.00000,
,,,-00.000002320000,   0.00000,
,,,-00.000002300000,   0.00000,
,,,-00.000002280000,   0.00000,
,,,-00.000002260000,   0.00000,
,,,-00.000002240000,   0.00000,
,,,-00.000002220000,  -0.40000,
,,,-00.000002200000,  -0.40000,
,,,-00.000002180000,   0.00000,
,,,-00.000002160000,   0.40000,
,,,-00.000002140000,  -0.40000,
,,,-00.000002120000,  -0.40000,
,,,-00.000002100000,   0.00000,
,,,-00.000002080000,   0.00000,
,,,-00.000002060000,   0.00000,
,,,-00.000002040000,  -0.40000,
,,,-00.000002020000,  -0.40000,
,,,-00.000002000000,   0.00000,
,,,-00.000001980000,   0.00000,
,,,-00.000001960000,   0.00000,
,,,-00.000001940000,   0.40000,
,,,-00.000001920000,   0.00000,
,,,-00.000001900000,  -0.40000,
,,,-00.000001880000,  -0.40000,
,,,-00.000001860000,  -0.40000,
,,,-00.000001840000,  -0.40000,
,,,-00.000001820000,   0.00000,
,,,-00.000001800000,   0.00000,
,,,-00.000001780000,  -0.40000,
,,,-00.000001760000,   0.00000,
,,,-00.000001740000,   0.00000,
,,,-00.000001720000,  -0.40000,
,,,-00.000001700000,   0.40000,
,,,-00.000001680000,   0.40000,
,,,-00.000001660000,   0.00000,
,,,-00.000001640000,  -0.80000,
,,,-00.000001620000,  -0.40000,
,,,-00.000001600000,  -0.40000,
,,,-00.000001580000,   0.00000,
,,,-00.000001560000,  -0.40000,
,,,-00.000001540000,  -0.40000,
,,,-00.000001520000,  -0.40000,
,,,-00.000001500000,  -0.40000,
,,,-00.000001480000,  -0.40000,
,,,-00.000001460000,  -0.40000,
,,,-00.000001440000,  -0.40000,
,,,-00.000001420000,  -0.80000,
,,,-00.000001400000,  -0.80000,
,,,-00.000001380000,  -0.40000,
,,,-00.000001360000,  -0.40000,
,,,-00.000001340000,  -0.80000,
,,,-00.000001320000,  -0.40000,
,,,-00.000001300000,  -0.40000,
,,,-00.000001280000,  -0.80000,
,,,-00.000001260000,  -0.40000,
,,,-00.000001240000,  -0.40000,
,,,-00.000001220000,  -0.40000,
,,,-00.000001200000,  -0.80000,
,,,-00.000001180000,   0.00000,
,,,-00.000001160000,  -0.40000,
,,,-00.000001140000,  -0.40000,
,,,-00.000001120000,  -0.40000,
,,,-00.000001100000,  -0.80000,
,,,-00.000001080000,  -0.80000,
,,,-00.000001060000,  -0.40000,
,,,-00.000001040000,  -0.80000,
,,,-00.000001020000,  -0.80000,
,,,-00.000001000000,  -1.20000,
,,,-00.000000980000,  -0.80000,
,,,-00.000000960000,  -1.20000,
,,,-00.000000940000,  -0.40000,
,,,-00.000000920000,  -0.80000,
,,,-00.000000900000,  -0.80000,
,,,-00.000000880000,  -1.20000,
,,,-00.000000860000,  -1.20000,
,,,-00.000000840000,  -1.20000,
,,,-00.000000820000,  -0.80000,
,,,-00.000000800000,  -1.20000,
,,,-00.000000780000,  -1.20000,
,,,-00.000000760000,  -1.20000,
,,,-00.000000740000,  -0.80000,
,,,-00.000000720000,  -1.60000,
,,,-00.000000700000,  -1.20000,
,,,-00.000000680000,  -1.60000,
,,,-00.000000660000,  -1.20000,
,,,-00.000000640000,  -1.60000,
,,,-00.000000620000,  -1.60000,
,,,-00.000000600000,  -1.60000,
,,,-00.000000580000,  -1.60000,
,,,-00.000000560000,  -2.00000,
,,,-00.000000540000,  -1.20000,
,,,-00.000000520000,  -1.60000,
,,,-00.000000500000,  -2.00000,
,,,-00.000000480000,  -1.60000,
,,,-00.000000460000,  -2.00000,
,,,-00.000000440000,  -2.00000,
,,,-00.000000420000,  -1.60000,
,,,-00.000000400000,  -2.00000,
,,,-00.000000380000,  -2.40000,
,,,-00.000000360000,  -2.00000,
,,,-00.000000340000,  -2.00000,
,,,-00.000000320000,  -2.00000,
,,,-00.000000300000,  -2.00000,
,,,-00.000000280000,  -2.00000,
,,,-00.000000260000,  -2.40000,
,,,-00.000000240000,  -2.40000,
,,,-00.000000220000,  -2.40000,
,,,-00.000000200000,   0.40000,
,,,-00.000000180000,  -2.00000,
,,,-00.000000160000,  -7.60000,
,,,-00.000000140000,  -6.40000,
,,,-00.000000120000,  -1.20000,
,,,-00.000000100000,  -0.80000,
,,,-00.000000080000,   5.20000,
,,,-00.000000060000,  -8.80000,
,,,-00.000000040000,  -6.80000,
,,,-00.000000020000,  -3.60000,
,,,-00.000000000000,   1.60000,
,,,00.000000020000,   1.20000,
,,,00.000000040000,  -4.80000,
,,,00.000000060000,  -4.00000,
,,,00.000000080000,   1.20000,
,,,00.000000100000,   3.60000,
,,,00.000000120000,   1.60000,
,,,00.000000140000,   0.40000,
,,,00.000000160000,   6.40000,
,,,00.000000180000,   7.60000,
,,,00.000000200000,   8.40000,
,,,00.000000220000,   7.20000,
,,,00.000000240000,   7.20000,
,,,00.000000260000,   0.80000,
,,,00.000000280000,  -2.80000,
,,,00.000000300000,  -0.80000,
,,,00.000000320000,   4.40000,
,,,00.000000340000,   3.60000,
,,,00.000000360000,   4.80000,
,,,00.000000380000,   4.00000,
,,,00.000000400000,   8.00000,
,,,00.000000420000,   1.20000,
,,,00.000000440000,   3.20000,
,,,00.000000460000,   2.40000,
,,,00.000000480000,   2.80000,
,,,00.000000500000,  -0.80000,
,,,00.000000520000,   0.80000,
,,,00.000000540000,   2.00000,
,,,00.000000560000,   2.40000,
,,,00.000000580000,   4.00000,
,,,00.000000600000,   3.60000,
,,,00.000000620000,   4.80000,
,,,00.000000640000,   5.20000,
,,,00.000000660000,   8.00000,
,,,00.000000680000,  19.20000,
,,,00.000000700000,   8.40000,
,,,00.000000720000,  -3.20000,
,,,00.000000740000,   4.40000,
,,,00.000000760000,   9.60000,
,,,00.000000780000,   6.00000,
,,,00.000000800000,   6.80000,
,,,00.000000820000,   1.20000,
,,,00.000000840000,  11.20000,
,,,00.000000860000,   7.20000,
,,,00.000000880000,   6.80000,
,,,00.000000900000,   7.20000,
,,,00.000000920000,   9.60000,
,,,00.000000940000,   7.60000,
,,,00.000000960000,   8.80000,
,,,00.000000980000,   9.60000,
,,,00.000001000000,   3.20000,
,,,00.000001020000,   9.20000,
,,,00.000001040000,   8.80000,
,,,00.000001060000,   5.60000,
,,,00.000001080000,   5.60000,
,,,00.000001100000,   6.80000,
,,,00.000001120000,  10.40000,
,,,00.000001140000,   7.20000,
,,,00.000001160000,   8.00000,
,,,00.000001180000,  11.60000,
,,,00.000001200000,  10.00000,
,,,00.000001220000,   3.60000,
,,,00.000001240000,   8.80000,
,,,00.000001260000,   7.60000,
,,,00.000001280000,   8.40000,
,,,00.000001300000,   5.60000,
,,,00.000001320000,   8.40000,
,,,00.000001340000,   8.00000,
,,,00.000001360000,   8.80000,
,,,00.000001380000,  10.00000,
,,,00.000001400000,  10.40000,
,,,00.000001420000,  10.80000,
,,,00.000001440000,   9.20000,
,,,00.000001460000,   7.60000,
,,,00.000001480000,  10.80000,
,,,00.000001500000,   7.60000,
,,,00.000001520000,   7.20000,
,,,00.000001540000,   8.00000,
,,,00.000001560000,   8.00000,
,,,00.000001580000,   8.00000,
,,,00.000001600000,   7.60000,
,,,00.000001620000,   9.60000,
,,,00.000001640000,   8.40000,
,,,00.000001660000,   8.80000,
,,,00.000001680000,   7.60000,
,,,00.000001700000,   9.20000,
,,,00.000001720000,   8.80000,
,,,00.000001740000,   7.20000,
,,,00.000001760000,   8.80000,
,,,00.000001780000,   7.60000,
,,,00.000001800000,   8.80000,
,,,00.000001820000,   7.20000,
,,,00.000001840000,   7.20000,
,,,00.000001860000,   8.00000,
,,,00.000001880000,   7.20000,
,,,00.000001900000,   8.00000,
,,,00.000001920000,   8.00000,
,,,00.000001940000,   6.80000,
,,,00.000001960000,   6.40000,
,,,00.000001980000,   7.20000,
,,,00.000002000000,   6.80000,
,,,00.000002020000,   7.20000,
,,,00.000002040000,   6.80000,
,,,00.000002060000,   7.60000,
,,,00.000002080000,   6.40000,
,,,00.000002100000,   8.00000,
,,,00.000002120000,   7.60000,
,,,00.000002140000,   6.80000,
,,,00.000002160000,   7.60000,
,,,00.000002180000,   6.80000,
,,,00.000002200000,   7.20000,
,,,00.000002220000,   6.80000,
,,,00.000002240000,   8.00000,
,,,00.000002260000,   7.20000,
,,,00.000002280000,   7.60000,
,,,00.000002300000,   7.60000,
,,,00.000002320000,   6.80000,
,,,00.000002340000,   7.20000,
,,,00.000002360000,   6.40000,
,,,00.000002380000,   7.20000,
,,,00.000002400000,   7.20000,
,,,00.000002420000,   8.00000,
,,,00.000002440000,   6.80000,
,,,00.000002460000,   7.20000,
,,,00.000002480000,   8.00000,
,,,00.000002500000,   8.00000,
,,,00.000002520000,   6.80000,
,,,00.000002540000,   6.00000,
,,,00.000002560000,   7.20000,
,,,00.000002580000,   8.00000,
,,,00.000002600000,   6.80000,
,,,00.000002620000,   6.00000,
,,,00.000002640000,   7.20000,
,,,00.000002660000,   7.20000,
,,,00.000002680000,   7.20000,
,,,00.000002700000,   6.40000,
,,,00.000002720000,   7.20000,
,,,00.000002740000,   7.20000,
,,,00.000002760000,   6.40000,
,,,00.000002780000,   6.80000,
,,,00.000002800000,   6.40000,
,,,00.000002820000,   6.80000,
,,,00.000002840000,   6.80000,
,,,00.000002860000,   7.60000,
,,,00.000002880000,   6.80000,
,,,00.000002900000,   6.80000,
,,,00.000002920000,   6.40000,
,,,00.000002940000,   6.40000,
,,,00.000002960000,   7.20000,
,,,00.000002980000,   6.40000,
,,,00.000003000000,   6.40000,
,,,00.000003020000,   8.00000,
,,,00.000003040000,   7.60000,
,,,00.000003060000,   5.60000,
,,,00.000003080000,   6.40000,
,,,00.000003100000,   6.80000,
,,,00.000003120000,   7.60000,
,,,00.000003140000,   7.20000,
,,,00.000003160000,  10.00000,
,,,00.000003180000, -14.00000,
,,,00.000003200000,   8.00000,
,,,00.000003220000,   6.40000,
,,,00.000003240000,   4.40000,
,,,00.000003260000,   5.60000,
,,,00.000003280000,   8.40000,
,,,00.000003300000,   5.60000,
,,,00.000003320000,   6.80000,
,,,00.000003340000,   7.60000,
,,,00.000003360000,   7.60000,
,,,00.000003380000,   7.60000,
,,,00.000003400000,   5.20000,
,,,00.000003420000,   7.60000,
,,,00.000003440000,   7.60000,
,,,00.000003460000,   8.00000,
,,,00.000003480000,   6.80000,
,,,00.000003500000,   7.20000,
,,,00.000003520000,   7.20000,
,,,00.000003540000,   6.80000,
,,,00.000003560000,   7.20000,
,,,00.000003580000,   6.80000,
,,,00.000003600000,   6.80000,
,,,00.000003620000,   6.40000,
,,,00.000003640000,   7.20000,
,,,00.000003660000,   7.60000,
,,,00.000003680000,   7.20000,
,,,00.000003700000,   7.60000,
,,,00.000003720000,   6.80000,
,,,00.000003740000,   6.80000,
,,,00.000003760000,   7.60000,
,,,00.000003780000,   6.80000,
,,,00.000003800000,   7.20000,
,,,00.000003820000,   7.20000,
,,,00.000003840000,   6.80000,
,,,00.000003860000,   7.60000,
,,,00.000003880000,   8.00000,
,,,00.000003900000,   8.00000,
,,,00.000003920000,   7.20000,
,,,00.000003940000,   6.80000,
,,,00.000003960000,   6.80000,
,,,00.000003980000,   7.20000,
,,,00.000004000000,   6.80000,
,,,00.000004020000,   7.20000,
,,,00.000004040000,   7.20000,
,,,00.000004060000,   7.20000,
,,,00.000004080000,   8.00000,
,,,00.000004100000,   7.20000,
,,,00.000004120000,   6.80000,
,,,00.000004140000,   7.60000,
,,,00.000004160000,   7.20000,
,,,00.000004180000,   7.20000,
,,,00.000004200000,   6.80000,
,,,00.000004220000,   7.20000,
,,,00.000004240000,   6.80000,
,,,00.000004260000,   8.00000,
,,,00.000004280000,   7.60000,
,,,00.000004300000,   7.20000,
,,,00.000004320000,   6.80000,
,,,00.000004340000,   6.80000,
,,,00.000004360000,   6.80000,
,,,00.000004380000,   7.60000,
,,,00.000004400000,   7.60000,
,,,00.000004420000,   6.80000,
,,,00.000004440000,   6.00000,
,,,00.000004460000,   7.20000,
,,,00.000004480000,   7.20000,
,,,00.000004500000,   6.80000,
,,,00.000004520000,   7.60000,
,,,00.000004540000,   6.80000,
,,,00.000004560000,   7.20000,
,,,00.000004580000,   6.80000,
,,,00.000004600000,   7.20000,
,,,00.000004620000,   7.20000,
,,,00.000004640000,   6.80000,
,,,00.000004660000,   7.20000,
,,,00.000004680000,   7.20000,
,,,00.000004700000,   7.20000,
,,,00.000004720000,   7.20000,
,,,00.000004740000,   7.20000,
,,,00.000004760000,   7.20000,
,,,00.000004780000,   7.60000,
,,,00.000004800000,   7.60000,
,,,00.000004820000,   6.80000,
,,,00.000004840000,   6.80000,
,,,00.000004860000,   7.60000,
,,,00.000004880000,   7.60000,
,,,00.000004900000,   7.20000,
,,,00.000004920000,   7.20000,
,,,00.000004940000,   7.20000,
,,,00.000004960000,   8.00000,
,,,00.000004980000,   7.20000,
,,,00.000005000000,   7.60000,
,,,00.000005020000,   7.60000,
,,,00.000005040000,   7.20000,
,,,00.000005060000,   6.80000,
,,,00.000005080000,   6.80000,
,,,00.000005100000,   8.00000,
,,,00.000005120000,   6.80000,
,,,00.000005140000,   6.40000,
,,,00.000005160000,   7.20000,
,,,00.000005180000,   8.00000,
,,,00.000005200000,   7.20000,
,,,00.000005220000,   7.60000,
,,,00.000005240000,   6.40000,
,,,00.000005260000,   6.80000,
,,,00.000005280000,   7.20000,
,,,00.000005300000,   6.80000,
,,,00.000005320000,   6.80000,
,,,00.000005340000,   7.60000,
,,,00.000005360000,   6.80000,
,,,00.000005380000,   6.40000,
,,,00.000005400000,   7.20000,
,,,00.000005420000,   7.20000,
,,,00.000005440000,   6.40000,
,,,00.000005460000,   6.80000,
,,,00.000005480000,   7.60000,
,,,00.000005500000,   6.80000,
,,,00.000005520000,   7.60000,
,,,00.000005540000,   7.20000,
,,,00.000005560000,   6.40000,
,,,00.000005580000,   7.20000,
,,,00.000005600000,   7.20000,
,,,00.000005620000,   8.00000,
,,,00.000005640000,   7.60000,
,,,00.000005660000,   7.20000,
,,,00.000005680000,   6.80000,
,,,00.000005700000,   7.20000,
,,,00.000005720000,   7.20000,
,,,00.000005740000,   7.20000,
,,,00.000005760000,   6.80000,
,,,00.000005780000,   7.20000,
,,,00.000005800000,   6.40000,
,,,00.000005820000,   7.20000,
,,,00.000005840000,   7.20000,
,,,00.000005860000,   7.20000,
,,,00.000005880000,   7.60000,
,,,00.000005900000,   7.20000,
,,,00.000005920000,   6.00000,
,,,00.000005940000,   7.20000,
,,,00.000005960000,   8.00000,
,,,00.000005980000,   7.20000,
,,,00.000006000000,   6.80000,
,,,00.000006020000,   7.20000,
,,,00.000006040000,   7.20000,
,,,00.000006060000,   6.40000,
,,,00.000006080000,   6.80000,
,,,00.000006100000,   7.60000,
,,,00.000006120000,   6.40000,
,,,00.000006140000,   6.80000,
,,,00.000006160000,   6.80000,
,,,00.000006180000,   6.80000,
,,,00.000006200000,   6.40000,
,,,00.000006220000,   8.00000,
,,,00.000006240000,   7.20000,
,,,00.000006260000,   6.40000,
,,,00.000006280000,   5.60000,
,,,00.000006300000,   6.80000,
,,,00.000006320000,   7.20000,
,,,00.000006340000,   6.40000,
,,,00.000006360000,   6.80000,
,,,00.000006380000,   7.20000,
,,,00.000006400000,   6.80000,
,,,00.000006420000,   7.20000,
,,,00.000006440000,   7.20000,
,,,00.000006460000,   7.20000,
,,,00.000006480000,   7.20000,
,,,00.000006500000,   7.20000,
,,,00.000006520000,   6.40000,
,,,00.000006540000,   7.20000,
,,,00.000006560000,   6.80000,
,,,00.000006580000,   7.20000,
,,,00.000006600000,   6.80000,
,,,00.000006620000,   6.80000,
,,,00.000006640000,   6.40000,
,,,00.000006660000,   6.40000,
,,,00.000006680000,   6.80000,
,,,00.000006700000,   6.40000,
,,,00.000006720000,   6.80000,
,,,00.000006740000,   7.60000,
,,,00.000006760000,   6.80000,
,,,00.000006780000,   6.80000,
,,,00.000006800000,   7.20000,
,,,00.000006820000,   6.40000,
,,,00.000006840000,   5.60000,
,,,00.000006860000,   6.80000,
,,,00.000006880000,   6.80000,
,,,00.000006900000,   7.20000,
,,,00.000006920000,   7.20000,
,,,00.000006940000,   6.00000,
,,,00.000006960000,   6.80000,
,,,00.000006980000,   8.00000,
,,,00.000007000000,   6.80000,
,,,00.000007020000,   6.40000,
,,,00.000007040000,   6.40000,
,,,00.000007060000,   7.60000,
,,,00.000007080000,   7.20000,
,,,00.000007100000,   6.80000,
,,,00.000007120000,   6.40000,
,,,00.000007140000,   7.20000,
,,,00.000007160000,   7.20000,
,,,00.000007180000,   6.40000,
,,,00.000007200000,   6.00000,
,,,00.000007220000,   7.20000,
,,,00.000007240000,   7.20000,
,,,00.000007260000,   6.00000,
,,,00.000007280000,   5.60000,
,,,00.000007300000,   6.80000,
,,,00.000007320000,   7.20000,
,,,00.000007340000,   7.20000,
,,,00.000007360000,   6.80000,
,,,00.000007380000,   6.80000,
,,,00.000007400000,   6.40000,
,,,00.000007420000,   7.60000,
,,,00.000007440000,   7.20000,
,,,00.000007460000,   5.60000,
,,,00.000007480000,   6.80000,
,,,00.000007500000,   7.20000,
,,,00.000007520000,   7.20000,
,,,00.000007540000,   6.40000,
,,,00.000007560000,   6.80000,
,,,00.000007580000,   7.20000,
,,,00.000007600000,   6.80000,
,,,00.000007620000,   6.40000,
,,,00.000007640000,   6.40000,
,,,00.000007660000,   6.40000,
,,,00.000007680000,   6.80000,
,,,00.000007700000,   6.40000,
,,,00.000007720000,   6.40000,
,,,00.000007740000,   6.80000,
,,,00.000007760000,   7.20000,
,,,00.000007780000,   6.80000,
,,,00.000007800000,   6.40000,
,,,00.000007820000,   7.20000,
,,,00.000007840000,   7.20000,
,,,00.000007860000,   5.60000,
,,,00.000007880000,   6.80000,
,,,00.000007900000,   6.80000,
,,,00.000007920000,   6.40000,
,,,00.000007940000,   6.80000,
,,,00.000007960000,   6.80000,
,,,00.000007980000,   6.40000,
,,,00.000008000000,   7.20000,
,,,00.000008020000,   6.80000,
,,,00.000008040000,   6.80000,
,,,00.000008060000,   6.00000,
,,,00.000008080000,   7.20000,
,,,00.000008100000,   6.40000,
,,,00.000008120000,   6.80000,
,,,00.000008140000,   6.80000,
,,,00.000008160000,   6.40000,
,,,00.000008180000,   6.40000,
,,,00.000008200000,   7.20000,
,,,00.000008220000,   6.80000,
,,,00.000008240000,   6.40000,
,,,00.000008260000,   6.40000,
,,,00.000008280000,   6.80000,
,,,00.000008300000,   6.80000,
,,,00.000008320000,   6.00000,
,,,00.000008340000,   6.80000,
,,,00.000008360000,   6.80000,
,,,00.000008380000,   6.40000,
,,,00.000008400000,   6.80000,
,,,00.000008420000,   6.40000,
,,,00.000008440000,   6.00000,
,,,00.000008460000,   6.80000,
,,,00.000008480000,   6.80000,
,,,00.000008500000,   6.40000,
,,,00.000008520000,   6.80000,
,,,00.000008540000,   5.60000,
,,,00.000008560000,   6.00000,
,,,00.000008580000,   6.40000,
,,,00.000008600000,   6.80000,
,,,00.000008620000,   6.00000,
,,,00.000008640000,   6.80000,
,,,00.000008660000,   6.00000,
,,,00.000008680000,   6.40000,
,,,00.000008700000,   6.00000,
,,,00.000008720000,   6.80000,
,,,00.000008740000,   6.80000,
,,,00.000008760000,   6.00000,
,,,00.000008780000,   6.80000,
,,,00.000008800000,   6.40000,
,,,00.000008820000,   5.60000,
,,,00.000008840000,   6.40000,
,,,00.000008860000,   7.20000,
,,,00.000008880000,   5.60000,
,,,00.000008900000,   6.80000,
,,,00.000008920000,   6.00000,
,,,00.000008940000,   6.40000,
,,,00.000008960000,   6.40000,
,,,00.000008980000,   6.80000,
,,,00.000009000000,   5.60000,
,,,00.000009020000,   5.60000,
,,,00.000009040000,   6.00000,
,,,00.000009060000,   5.60000,
,,,00.000009080000,   6.40000,
,,,00.000009100000,   6.00000,
,,,00.000009120000,   7.20000,
,,,00.000009140000,   7.60000,
,,,00.000009160000,   6.00000,
,,,00.000009180000,   5.60000,
,,,00.000009200000,   6.40000,
,,,00.000009220000,   6.00000,
,,,00.000009240000,   6.00000,
,,,00.000009260000,   5.20000,
,,,00.000009280000,   5.60000,
,,,00.000009300000,   7.60000,
,,,00.000009320000,   6.40000,
,,,00.000009340000,   5.60000,
,,,00.000009360000,   6.40000,
,,,00.000009380000,   6.40000,
,,,00.000009400000,   7.20000,
,,,00.000009420000,   6.40000,
,,,00.000009440000,   5.60000,
,,,00.000009460000,   5.60000,
,,,00.000009480000,   6.00000,
,,,00.000009500000,   6.40000,
,,,00.000009520000,   5.60000,
,,,00.000009540000,   6.00000,
,,,00.000009560000,   6.80000,
,,,00.000009580000,   6.00000,
,,,00.000009600000,   6.00000,
,,,00.000009620000,   6.00000,
,,,00.000009640000,   6.40000,
,,,00.000009660000,   5.60000,
,,,00.000009680000,   6.40000,
,,,00.000009700000,   6.00000,
,,,00.000009720000,   6.00000,
,,,00.000009740000,   6.40000,
,,,00.000009760000,   6.40000,
,,,00.000009780000,   6.40000,
,,,00.000009800000,   6.00000,
,,,00.000009820000,   6.00000,
,,,00.000009840000,   6.00000,
,,,00.000009860000,   6.00000,
,,,00.000009880000,   6.00000,
,,,00.000009900000,   6.40000,
,,,00.000009920000,   6.00000,
,,,00.000009940000,   6.00000,
,,,00.000009960000,   6.40000,
,,,00.000009980000,   6.40000,
,,,00.000010000000,   6.00000,
,,,00.000010020000,   5.60000,
,,,00.000010040000,   6.40000,
,,,00.000010060000,   6.00000,
,,,00.000010080000,   5.60000,
,,,00.000010100000,   5.60000,
,,,00.000010120000,   7.20000,
,,,00.000010140000,   6.40000,
,,,00.000010160000,   5.60000,
,,,00.000010180000,   5.60000,
,,,00.000010200000,   6.80000,
,,,00.000010220000,   6.00000,
,,,00.000010240000,   5.20000,
,,,00.000010260000,   6.00000,
,,,00.000010280000,   6.80000,
,,,00.000010300000,   6.00000,
,,,00.000010320000,   5.20000,
,,,00.000010340000,   5.60000,
,,,00.000010360000,   6.00000,
,,,00.000010380000,   5.20000,
,,,00.000010400000,   4.80000,
,,,00.000010420000,   6.00000,
,,,00.000010440000,   6.00000,
,,,00.000010460000,   6.40000,
,,,00.000010480000,   5.20000,
,,,00.000010500000,   5.20000,
,,,00.000010520000,   4.80000,
,,,00.000010540000,   5.60000,
,,,00.000010560000,   6.40000,
,,,00.000010580000,   5.60000,
,,,00.000010600000,   5.20000,
,,,00.000010620000,   6.00000,
,,,00.000010640000,   6.00000,
,,,00.000010660000,   5.60000,
,,,00.000010680000,   6.00000,
,,,00.000010700000,   5.60000,
,,,00.000010720000,   5.60000,
,,,00.000010740000,   5.60000,
,,,00.000010760000,   6.00000,
,,,00.000010780000,   5.60000,
,,,00.000010800000,   5.60000,
,,,00.000010820000,   5.60000,
,,,00.000010840000,   5.60000,
,,,00.000010860000,   5.60000,
,,,00.000010880000,   6.00000,
,,,00.000010900000,   5.60000,
,,,00.000010920000,   5.60000,
,,,00.000010940000,   6.00000,
,,,00.000010960000,   5.20000,
,,,00.000010980000,   4.80000,
,,,00.000011000000,   6.00000,
,,,00.000011020000,   6.00000,
,,,00.000011040000,   5.60000,
,,,00.000011060000,   5.20000,
,,,00.000011080000,   5.60000,
,,,00.000011100000,   6.00000,
,,,00.000011120000,   6.00000,
,,,00.000011140000,   6.00000,
,,,00.000011160000,   5.60000,
,,,00.000011180000,   5.20000,
,,,00.000011200000,   6.00000,
,,,00.000011220000,   5.60000,
,,,00.000011240000,   5.60000,
,,,00.000011260000,   5.20000,
,,,00.000011280000,   6.00000,
,,,00.000011300000,   5.20000,
,,,00.000011320000,   5.20000,
,,,00.000011340000,   5.60000,
,,,00.000011360000,   5.20000,
,,,00.000011380000,   6.00000,
,,,00.000011400000,   5.60000,
,,,00.000011420000,   5.20000,
,,,00.000011440000,   5.20000,
,,,00.000011460000,   4.40000,
,,,00.000011480000,   5.60000,
,,,00.000011500000,   5.20000,
,,,00.000011520000,   5.20000,
,,,00.000011540000,   5.60000,
,,,00.000011560000,   5.60000,
,,,00.000011580000,   6.00000,
,,,00.000011600000,   4.80000,
,,,00.000011620000,   4.40000,
,,,00.000011640000,   5.20000,
,,,00.000011660000,   5.60000,
,,,00.000011680000,   5.20000,
,,,00.000011700000,   5.60000,
,,,00.000011720000,   5.60000,
,,,00.000011740000,   4.80000,
,,,00.000011760000,   4.80000,
,,,00.000011780000,   5.60000,
,,,00.000011800000,   5.60000,
,,,00.000011820000,   5.60000,
,,,00.000011840000,   5.20000,
,,,00.000011860000,   4.80000,
,,,00.000011880000,   5.60000,
,,,00.000011900000,   5.20000,
,,,00.000011920000,   4.80000,
,,,00.000011940000,   4.80000,
,,,00.000011960000,   5.60000,
,,,00.000011980000,   6.00000,
,,,00.000012000000,   5.20000,
,,,00.000012020000,   4.80000,
,,,00.000012040000,   5.60000,
,,,00.000012060000,   5.20000,
,,,00.000012080000,   5.20000,
,,,00.000012100000,   5.60000,
,,,00.000012120000,   4.00000,
,,,00.000012140000,   4.40000,
,,,00.000012160000,   4.40000,
,,,00.000012180000,   3.60000,
,,,00.000012200000,   4.80000,
,,,00.000012220000,   5.20000,
,,,00.000012240000,   4.80000,
,,,00.000012260000,   4.00000,
,,,00.000012280000,   4.80000,
,,,00.000012300000,   5.20000,
,,,00.000012320000,   4.40000,
,,,00.000012340000,   4.80000,
,,,00.000012360000,   4.40000,
,,,00.000012380000,   5.20000,
,,,00.000012400000,   3.60000,
,,,00.000012420000,   4.40000,
,,,00.000012440000,   4.00000,
,,,00.000012460000,   4.00000,
,,,00.000012480000,   3.60000,
,,,00.000012500000,   3.60000,
,,,00.000012520000,   4.00000,
,,,00.000012540000,   4.40000,
,,,00.000012560000,   3.60000,
,,,00.000012580000,   2.80000,
,,,00.000012600000,   4.80000,
,,,00.000012620000,   3.60000,
,,,00.000012640000,   3.20000,
,,,00.000012660000,   3.60000,
,,,00.000012680000,   4.00000,
,,,00.000012700000,   3.60000,
,,,00.000012720000,   3.20000,
,,,00.000012740000,   2.80000,
,,,00.000012760000,   2.40000,
,,,00.000012780000,   3.20000,
,,,00.000012800000,   2.80000,
,,,00.000012820000,   3.20000,
,,,00.000012840000,   2.80000,
,,,00.000012860000,   2.40000,
,,,00.000012880000,   2.00000,
,,,00.000012900000,   2.80000,
,,,00.000012920000,   2.40000,
,,,00.000012940000,   2.00000,
,,,00.000012960000,   1.60000,
,,,00.000012980000,   1.20000,
,,,00.000013000000,   0.80000,
,,,00.000013020000,   0.80000,
,,,00.000013040000,   1.60000,
,,,00.000013060000,   1.20000,
,,,00.000013080000,   0.00000,
,,,00.000013100000,   0.00000,
,,,00.000013120000,   0.80000,
,,,00.000013140000,   0.00000,
,,,00.000013160000,  -1.20000,
,,,00.000013180000,  -0.40000,
,,,00.000013200000,  -0.40000,
,,,00.000013220000,  -0.40000,
,,,00.000013240000,  -0.40000,
,,,00.000013260000,  -1.20000,
,,,00.000013280000,  -1.20000,
,,,00.000013300000,  -0.40000,
,,,00.000013320000,  -1.20000,
,,,00.000013340000,   0.40000,
,,,00.000013360000,  -0.40000,
,,,00.000013380000,  -2.40000,
,,,00.000013400000,  -0.80000,
,,,00.000013420000,  -0.40000,
,,,00.000013440000,  -4.40000,
,,,00.000013460000,  -1.20000,
,,,00.000013480000,  -1.60000,
,,,00.000013500000,  -1.60000,
,,,00.000013520000,  -2.40000,
,,,00.000013540000,  -1.20000,
,,,00.000013560000,  -1.20000,
,,,00.000013580000,  -1.20000,
,,,00.000013600000,   0.80000,
,,,00.000013620000,  -1.60000,
,,,00.000013640000,  -4.00000,
,,,00.000013660000,  -1.60000,
,,,00.000013680000,  -1.60000,
,,,00.000013700000,  -2.00000,
,,,00.000013720000,  -2.00000,
,,,00.000013740000,   0.80000,
,,,00.000013760000,  -2.00000,
,,,00.000013780000,  -2.00000,
,,,00.000013800000,  -2.00000,
,,,00.000013820000,  -2.80000,
,,,00.000013840000,  -4.00000,
,,,00.000013860000,  -0.80000,
,,,00.000013880000,  -1.60000,
,,,00.000013900000,  -2.00000,
,,,00.000013920000,  -2.40000,
,,,00.000013940000,  -2.40000,
,,,00.000013960000,  -0.40000,
,,,00.000013980000,  -2.00000,
,,,00.000014000000,  -2.40000,
,,,00.000014020000,  -2.00000,
,,,00.000014040000,  -2.00000,
,,,00.000014060000,  -2.40000,
,,,00.000014080000,  -2.00000,
,,,00.000014100000,  -1.20000,
,,,00.000014120000,  -1.20000,
,,,00.000014140000,  -1.20000,
,,,00.000014160000,  -1.20000,
,,,00.000014180000,  -1.20000,
,,,00.000014200000,  -1.60000,
,,,00.000014220000,  -1.60000,
,,,00.000014240000,  -2.00000,
,,,00.000014260000,  -1.60000,
,,,00.000014280000,  -0.80000,
,,,00.000014300000,  -0.80000,
,,,00.000014320000,  -0.80000,
,,,00.000014340000,  -1.20000,
,,,00.000014360000,  -0.40000,
,,,00.000014380000,  -0.80000,
,,,00.000014400000,   0.00000,
,,,00.000014420000,   0.40000,
,,,00.000014440000,  -1.60000,
,,,00.000014460000,  -0.40000,
,,,00.000014480000,   0.40000,
,,,00.000014500000,   1.20000,
,,,00.000014520000,   0.80000,
,,,00.000014540000,   0.00000,
,,,00.000014560000,   0.80000,
,,,00.000014580000,   1.20000,
,,,00.000014600000,   0.40000,
,,,00.000014620000,   0.80000,
,,,00.000014640000,   0.40000,
,,,00.000014660000,   1.60000,
,,,00.000014680000,   1.20000,
,,,00.000014700000,   0.40000,
,,,00.000014720000,   0.80000,
,,,00.000014740000,   0.80000,
,,,00.000014760000,   1.20000,
,,,00.000014780000,   1.60000,
,,,00.000014800000,   0.80000,
,,,00.000014820000,   1.20000,
,,,00.000014840000,   0.80000,
,,,00.000014860000,   0.80000,
,,,00.000014880000,   0.80000,
,,,00.000014900000,   0.80000,
,,,00.000014920000,   0.80000,
,,,00.000014940000,   0.00000,
,,,00.000014960000,   0.40000,
,,,00.000014980000,   0.80000,
,,,00.000015000000,   0.40000,
,,,00.000015020000,   0.40000,
,,,00.000015040000,   0.80000,
,,,00.000015060000,   0.40000,
,,,00.000015080000,   0.00000,
,,,00.000015100000,   0.40000,
,,,00.000015120000,   0.40000,
,,,00.000015140000,   0.40000,
,,,00.000015160000,  -0.40000,
,,,00.000015180000,   0.00000,
,,,00.000015200000,   0.40000,
,,,00.000015220000,   0.40000,
,,,00.000015240000,   0.40000,
,,,00.000015260000,  -0.40000,
,,,00.000015280000,  -0.40000,
,,,00.000015300000,  -0.40000,
,,,00.000015320000,   0.00000,
,,,00.000015340000,  -0.40000,
,,,00.000015360000,   0.00000,
,,,00.000015380000,  -0.80000,
,,,00.000015400000,  -0.80000,
,,,00.000015420000,  -0.40000,
,,,00.000015440000,   0.00000,
,,,00.000015460000,  -0.80000,
,,,00.000015480000,  -0.40000,
,,,00.000015500000,  -0.40000,
,,,00.000015520000,  -0.80000,
,,,00.000015540000,  -0.40000,
,,,00.000015560000,  -0.40000,
,,,00.000015580000,  -0.80000,
,,,00.000015600000,  -0.80000,
,,,00.000015620000,  -0.80000,
,,,00.000015640000,  -1.20000,
,,,00.000015660000,  -0.80000,
,,,00.000015680000,  -0.80000,
,,,00.000015700000,  -0.80000,
,,,00.000015720000,  -1.20000,
,,,00.000015740000,  -1.20000,
,,,00.000015760000,  -0.80000,
,,,00.000015780000,  -0.80000,
,,,00.000015800000,  -0.80000,
,,,00.000015820000,  -0.40000,
,,,00.000015840000,   0.00000,
,,,00.000015860000,  -0.40000,
,,,00.000015880000,  -0.80000,
,,,00.000015900000,  -0.80000,
,,,00.000015920000,  -0.80000,
,,,00.000015940000,  -0.80000,
,,,00.000015960000,  -0.80000,
,,,00.000015980000,  -0.40000,
,,,00.000016000000,  -0.40000,
,,,00.000016020000,  -0.80000,
,,,00.000016040000,   0.00000,
,,,00.000016060000,  -0.40000,
,,,00.000016080000,  -0.40000,
,,,00.000016100000,   0.00000,
,,,00.000016120000,   0.00000,
,,,00.000016140000,   0.00000,
,,,00.000016160000,   0.40000,
,,,00.000016180000,  -0.40000,
,,,00.000016200000,   0.40000,
,,,00.000016220000,   0.40000,
,,,00.000016240000,   0.40000,
,,,00.000016260000,   0.40000,
,,,00.000016280000,   0.00000,
,,,00.000016300000,   0.00000,
,,,00.000016320000,   0.80000,
,,,00.000016340000,   0.80000,
,,,00.000016360000,   0.40000,
,,,00.000016380000,   0.40000,
,,,00.000016400000,   0.40000,
,,,00.000016420000,   0.40000,
,,,00.000016440000,   0.40000,
,,,00.000016460000,   0.00000,
,,,00.000016480000,   0.40000,
,,,00.000016500000,   1.20000,
,,,00.000016520000,   0.40000,
,,,00.000016540000,   0.80000,
,,,00.000016560000,   0.80000,
,,,00.000016580000,   0.40000,
,,,00.000016600000,   0.80000,
,,,00.000016620000,   0.40000,
,,,00.000016640000,   0.80000,
,,,00.000016660000,   0.80000,
,,,00.000016680000,   0.40000,
,,,00.000016700000,   0.80000,
,,,00.000016720000,   1.20000,
,,,00.000016740000,   0.80000,
,,,00.000016760000,   0.80000,
,,,00.000016780000,   0.80000,
,,,00.000016800000,   0.80000,
,,,00.000016820000,   0.80000,
,,,00.000016840000,   0.40000,
,,,00.000016860000,   0.40000,
,,,00.000016880000,   0.00000,
,,,00.000016900000,   0.80000,
,,,00.000016920000,   0.40000,
,,,00.000016940000,   0.80000,
,,,00.000016960000,   0.40000,
,,,00.000016980000,   0.40000,
,,,00.000017000000,   0.40000,
,,,00.000017020000,   0.00000,
,,,00.000017040000,   0.00000,
,,,00.000017060000,   0.00000,
,,,00.000017080000,   0.00000,
,,,00.000017100000,   0.40000,
,,,00.000017120000,   0.00000,
,,,00.000017140000,   0.40000,
,,,00.000017160000,   0.40000,
,,,00.000017180000,   0.40000,
,,,00.000017200000,  -0.80000,
,,,00.000017220000,   0.40000,
,,,00.000017240000,  -0.40000,
,,,00.000017260000,   0.40000,
,,,00.000017280000,   0.00000,
,,,00.000017300000,   0.00000,
,,,00.000017320000,   0.40000,
,,,00.000017340000,   0.40000,
,,,00.000017360000,  -0.40000,
,,,00.000017380000,   0.00000,
,,,00.000017400000,   0.00000,
,,,00.000017420000,   0.40000,
,,,00.000017440000,  -0.40000,
,,,00.000017460000,   0.00000,
,,,00.000017480000,   0.00000,
,,,00.000017500000,   0.00000,
,,,00.000017520000,   0.00000,
,,,00.000017540000,   0.00000,
,,,00.000017560000,   0.00000,
,,,00.000017580000,  -0.40000,
,,,00.000017600000,  -0.40000,
,,,00.000017620000,   0.00000,
,,,00.000017640000,   0.00000,
,,,00.000017660000,  -0.40000,
,,,00.000017680000,   0.00000,
,,,00.000017700000,   0.00000,
,,,00.000017720000,   0.40000,
,,,00.000017740000,   0.40000,
,,,00.000017760000,   0.00000,
,,,00.000017780000,   0.00000,
,,,00.000017800000,   0.00000,
,,,00.000017820000,   0.40000,
,,,00.000017840000,   0.40000,
,,,00.000017860000,   0.40000,
,,,00.000017880000,   0.40000,
,,,00.000017900000,   0.40000,
,,,00.000017920000,   0.40000,
,,,00.000017940000,   0.80000,
,,,00.000017960000,   0.80000,
,,,00.000017980000,   0.80000,
,,,00.000018000000,   0.80000,
,,,00.000018020000,   0.80000,
,,,00.000018040000,   0.80000,
,,,00.000018060000,   0.80000,
,,,00.000018080000,   0.40000,
,,,00.000018100000,   0.80000,
,,,00.000018120000,   0.40000,
,,,00.000018140000,   1.20000,
,,,00.000018160000,   0.80000,
,,,00.000018180000,   0.80000,
,,,00.000018200000,   0.80000,
,,,00.000018220000,   0.80000,
,,,00.000018240000,   1.20000,
,,,00.000018260000,   0.80000,
,,,00.000018280000,   0.80000,
,,,00.000018300000,   0.80000,
,,,00.000018320000,   0.80000,
,,,00.000018340000,   0.40000,
,,,00.000018360000,   0.80000,
,,,00.000018380000,   0.80000,
,,,00.000018400000,   0.80000,
,,,00.000018420000,   0.80000,
,,,00.000018440000,   0.80000,
,,,00.000018460000,   0.80000,
,,,00.000018480000,   0.40000,
,,,00.000018500000,   0.80000,
,,,00.000018520000,   0.80000,
,,,00.000018540000,   0.40000,
,,,00.000018560000,   0.40000,
,,,00.000018580000,   0.80000,
,,,00.000018600000,   0.80000,
,,,00.000018620000,   0.80000,
,,,00.000018640000,   0.00000,
,,,00.000018660000,   0.40000,
,,,00.000018680000,   0.00000,
,,,00.000018700000,   0.00000,
,,,00.000018720000,   0.00000,
,,,00.000018740000,   0.40000,
,,,00.000018760000,   0.00000,
,,,00.000018780000,   0.40000,
,,,00.000018800000,   0.40000,
,,,00.000018820000,   0.80000,
,,,00.000018840000,  -0.80000,
,,,00.000018860000,   0.00000,
,,,00.000018880000,   1.60000,
,,,00.000018900000,   0.00000,
,,,00.000018920000,  -0.40000,
,,,00.000018940000,  -0.80000,
,,,00.000018960000,   0.80000,
,,,00.000018980000,   0.40000,
,,,00.000019000000,   0.40000,
,,,00.000019020000,  -0.40000,
,,,00.000019040000,   0.00000,
,,,00.000019060000,   0.00000,
,,,00.000019080000,   0.00000,
,,,00.000019100000,  -0.40000,
,,,00.000019120000,   0.00000,
,,,00.000019140000,  -0.40000,
,,,00.000019160000,   0.00000,
,,,00.000019180000,   0.00000,
,,,00.000019200000,   0.00000,
,,,00.000019220000,   0.00000,
,,,00.000019240000,   0.00000,
,,,00.000019260000,   0.00000,
,,,00.000019280000,   0.80000,
,,,00.000019300000,   0.40000,
,,,00.000019320000,   0.00000,
,,,00.000019340000,   0.00000,
,,,00.000019360000,   0.40000,
,,,00.000019380000,   0.40000,
,,,00.000019400000,   0.80000,
,,,00.000019420000,   0.40000,
,,,00.000019440000,   0.40000,
,,,00.000019460000,   0.00000,
,,,00.000019480000,   0.40000,
,,,00.000019500000,   0.40000,
,,,00.000019520000,   0.80000,
,,,00.000019540000,   0.80000,
,,,00.000019560000,   0.80000,
,,,00.000019580000,   0.80000,
,,,00.000019600000,   0.80000,
,,,00.000019620000,   0.80000,
,,,00.000019640000,   0.80000,
,,,00.000019660000,   0.40000,
,,,00.000019680000,   0.80000,
,,,00.000019700000,   0.80000,
,,,00.000019720000,   0.80000,
,,,00.000019740000,   0.80000,
,,,00.000019760000,   0.80000,
,,,00.000019780000,   0.40000,
,,,00.000019800000,   0.80000,
,,,00.000019820000,   1.20000,
,,,00.000019840000,   0.80000,
,,,00.000019860000,   1.20000,
,,,00.000019880000,   0.80000,
,,,00.000019900000,   1.20000,
,,,00.000019920000,   0.80000,
,,,00.000019940000,   0.80000,
,,,00.000019960000,   1.20000,
,,,00.000019980000,   0.80000,
,,,00.000020000000,   1.20000,
,,,00.000020020000,   1.20000,
,,,00.000020040000,   0.80000,
,,,00.000020060000,   0.40000,
,,,00.000020080000,   0.80000,
,,,00.000020100000,   0.80000,
,,,00.000020120000,   1.20000,
,,,00.000020140000,   0.80000,
,,,00.000020160000,   0.80000,
,,,00.000020180000,   0.40000,
,,,00.000020200000,   0.00000,
,,,00.000020220000,   0.80000,
,,,00.000020240000,   0.00000,
,,,00.000020260000,   0.00000,
,,,00.000020280000,   1.60000,
,,,00.000020300000,   0.80000,
,,,00.000020320000,   0.00000,
,,,00.000020340000,   0.00000,
,,,00.000020360000,   0.40000,
,,,00.000020380000,  -0.40000,
,,,00.000020400000,   0.80000,
,,,00.000020420000,   1.60000,
,,,00.000020440000,  -0.40000,
,,,00.000020460000,   0.00000,
,,,00.000020480000,   0.80000,
,,,00.000020500000,  -0.80000,
,,,00.000020520000,   0.40000,
,,,00.000020540000,   0.00000,
,,,00.000020560000,  -0.80000,
,,,00.000020580000,   0.80000,
,,,00.000020600000,   2.00000,
,,,00.000020620000,   0.40000,
,,,00.000020640000,   0.00000,
,,,00.000020660000,   0.40000,
,,,00.000020680000,   0.40000,
,,,00.000020700000,   0.40000,
,,,00.000020720000,   0.80000,
,,,00.000020740000,   1.20000,
,,,00.000020760000,   0.40000,
,,,00.000020780000,   0.40000,
,,,00.000020800000,   0.80000,
,,,00.000020820000,   0.40000,
,,,00.000020840000,   0.80000,
,,,00.000020860000,   0.80000,
,,,00.000020880000,   0.00000,
,,,00.000020900000,   0.40000,
,,,00.000020920000,   0.40000,
,,,00.000020940000,   0.40000,
,,,00.000020960000,   0.80000,
,,,00.000020980000,   0.80000,
,,,00.000021000000,   0.40000,
,,,00.000021020000,   0.40000,
,,,00.000021040000,   0.40000,
,,,00.000021060000,   0.80000,
,,,00.000021080000,   0.40000,
,,,00.000021100000,   0.80000,
,,,00.000021120000,   0.40000,
,,,00.000021140000,   0.80000,
,,,00.000021160000,   0.80000,
,,,00.000021180000,   0.80000,
,,,00.000021200000,   0.80000,
,,,00.000021220000,   0.40000,
,,,00.000021240000,   1.20000,
,,,00.000021260000,   0.40000,
,,,00.000021280000,   0.80000,
,,,00.000021300000,   0.80000,
,,,00.000021320000,   0.80000,
,,,00.000021340000,   0.80000,
,,,00.000021360000,   0.80000,
,,,00.000021380000,   1.20000,
,,,00.000021400000,   0.80000,
,,,00.000021420000,   0.80000,
,,,00.000021440000,   0.80000,
,,,00.000021460000,   0.40000,
,,,00.000021480000,   1.20000,
,,,00.000021500000,   0.80000,
,,,00.000021520000,   0.80000,
,,,00.000021540000,   1.20000,
,,,00.000021560000,   0.80000,
,,,00.000021580000,   1.20000,
,,,00.000021600000,   1.20000,
,,,00.000021620000,   0.80000,
,,,00.000021640000,   2.00000,
,,,00.000021660000,   1.20000,
,,,00.000021680000,   0.80000,
,,,00.000021700000,   0.00000,
,,,00.000021720000,   0.40000,
,,,00.000021740000,   1.20000,
,,,00.000021760000,   0.40000,
,,,00.000021780000,   1.20000,
,,,00.000021800000,   0.40000,
,,,00.000021820000,   0.40000,
,,,00.000021840000,   1.20000,
,,,00.000021860000,   0.00000,
,,,00.000021880000,   0.80000,
,,,00.000021900000,   0.80000,
,,,00.000021920000,  -0.40000,
,,,00.000021940000,   0.80000,
,,,00.000021960000,   0.00000,
,,,00.000021980000,   0.40000,
,,,00.000022000000,  -0.40000,
,,,00.000022020000,   0.80000,
,,,00.000022040000,   0.40000,
,,,00.000022060000,   1.20000,
,,,00.000022080000,   0.40000,
,,,00.000022100000,   1.60000,
,,,00.000022120000,   0.00000,
,,,00.000022140000,  -0.80000,
,,,00.000022160000,   0.40000,
,,,00.000022180000,   0.40000,
,,,00.000022200000,   0.00000,
,,,00.000022220000,  -0.80000,
,,,00.000022240000,   0.80000,
,,,00.000022260000,   0.40000,
,,,00.000022280000,   0.40000,
,,,00.000022300000,  -0.80000,
,,,00.000022320000,   0.40000,
,,,00.000022340000,   1.60000,
,,,00.000022360000,   0.40000,
,,,00.000022380000,   0.40000,
,,,00.000022400000,   0.40000,
,,,00.000022420000,   0.40000,
,,,00.000022440000,   0.80000,
,,,00.000022460000,   0.80000,
,,,00.000022480000,   0.80000,
,,,00.000022500000,   0.40000,
,,,00.000022520000,   0.80000,
,,,00.000022540000,   0.40000,
,,,00.000022560000,   0.40000,
,,,00.000022580000,   0.80000,
,,,00.000022600000,   0.40000,
,,,00.000022620000,   0.80000,
,,,00.000022640000,   0.40000,
,,,00.000022660000,   1.20000,
,,,00.000022680000,   0.80000,
,,,00.000022700000,   0.80000,
,,,00.000022720000,   0.80000,
,,,00.000022740000,   0.80000,
,,,00.000022760000,   0.80000,
,,,00.000022780000,   0.80000,
,,,00.000022800000,   0.80000,
,,,00.000022820000,   0.80000,
,,,00.000022840000,   0.80000,
,,,00.000022860000,   0.40000,
,,,00.000022880000,   0.40000,
,,,00.000022900000,   0.80000,
,,,00.000022920000,   0.80000,
,,,00.000022940000,   0.80000,
,,,00.000022960000,   0.80000,
,,,00.000022980000,   0.80000,
,,,00.000023000000,   1.20000,
,,,00.000023020000,   1.60000,
,,,00.000023040000,   1.20000,
,,,00.000023060000,   1.20000,
,,,00.000023080000,   0.40000,
,,,00.000023100000,   1.20000,
,,,00.000023120000,   2.40000,
,,,00.000023140000,   0.80000,
,,,00.000023160000,   0.80000,
,,,00.000023180000,   0.40000,
,,,00.000023200000,   0.40000,
,,,00.000023220000,   1.20000,
,,,00.000023240000,   2.00000,
,,,00.000023260000,   1.60000,
,,,00.000023280000,   0.40000,
,,,00.000023300000,   0.40000,
,,,00.000023320000,   0.40000,
,,,00.000023340000,   0.00000,
,,,00.000023360000,  -0.40000,
,,,00.000023380000,   0.80000,
,,,00.000023400000,   1.20000,
,,,00.000023420000,   1.20000,
,,,00.000023440000,   1.60000,
,,,00.000023460000,   0.40000,
,,,00.000023480000,   0.00000,
,,,00.000023500000,  -1.20000,
,,,00.000023520000,   1.60000,
,,,00.000023540000,   0.40000,
,,,00.000023560000,   0.00000,
,,,00.000023580000,   0.80000,
,,,00.000023600000,   0.80000,
,,,00.000023620000,  -1.20000,
,,,00.000023640000,  -0.40000,
,,,00.000023660000,  -0.40000,
,,,00.000023680000,   1.60000,
,,,00.000023700000,   1.20000,
,,,00.000023720000,   0.40000,
,,,00.000023740000,   0.40000,
,,,00.000023760000,  -0.40000,
,,,00.000023780000,  -1.20000,
,,,00.000023800000,  -0.40000,
,,,00.000023820000,   0.00000,
,,,00.000023840000,   0.00000,
,,,00.000023860000,   2.00000,
,,,00.000023880000,   1.60000,
,,,00.000023900000,   0.80000,
,,,00.000023920000,  -1.60000,
,,,00.000023940000,   0.00000,
,,,00.000023960000,   0.40000,
,,,00.000023980000,   0.00000,
,,,00.000024000000,   0.80000,
,,,00.000024020000,  -0.80000,
,,,00.000024040000,   0.40000,
,,,00.000024060000,   0.00000,
,,,00.000024080000,  -0.40000,
,,,00.000024100000,   0.40000,
,,,00.000024120000,   0.00000,
,,,00.000024140000,   0.00000,
,,,00.000024160000,   0.40000,
,,,00.000024180000,  -0.40000,
,,,00.000024200000,  -0.40000,
,,,00.000024220000,   0.40000,
,,,00.000024240000,   1.20000,
,,,00.000024260000,  -0.40000,
,,,00.000024280000,  -0.40000,
,,,00.000024300000,   0.00000,
,,,00.000024320000,   1.20000,
,,,00.000024340000,   0.40000,
,,,00.000024360000,   0.00000,
,,,00.000024380000,   1.20000,
,,,00.000024400000,   0.40000,
,,,00.000024420000,   0.40000,
,,,00.000024440000,  -0.40000,
,,,00.000024460000,   1.20000,
,,,00.000024480000,   1.60000,
,,,00.000024500000,   0.80000,
,,,00.000024520000,  -0.40000,
,,,00.000024540000,   0.40000,
,,,00.000024560000,   1.60000,
,,,00.000024580000,   1.60000,
,,,00.000024600000,   1.20000,
,,,00.000024620000,   0.00000,
,,,00.000024640000,   0.80000,
,,,00.000024660000,   2.00000,
,,,00.000024680000,   0.40000,
,,,00.000024700000,   0.40000,
,,,00.000024720000,   0.00000,
,,,00.000024740000,   1.60000,
,,,00.000024760000,   0.80000,
,,,00.000024780000,   1.60000,
,,,00.000024800000,   0.80000,
,,,00.000024820000,   2.00000,
,,,00.000024840000,   0.80000,
,,,00.000024860000,   0.40000,
,,,00.000024880000,   0.40000,
,,,00.000024900000,   0.40000,
,,,00.000024920000,  -0.40000,
,,,00.000024940000,  -0.80000,
,,,00.000024960000,   0.40000,
,,,00.000024980000,   0.80000,
,,,00.000025000000,   0.80000,
,,,00.000025020000,   1.60000,
,,,00.000025040000,  -0.80000,
,,,00.000025060000,  -0.40000,
,,,00.000025080000,   0.80000,
,,,00.000025100000,   1.20000,
,,,00.000025120000,   1.20000,
,,,00.000025140000,   0.00000,
,,,00.000025160000,  -0.40000,
,,,00.000025180000,   0.00000,
,,,00.000025200000,   0.40000,
,,,00.000025220000,   0.40000,
,,,00.000025240000,   0.00000,
,,,00.000025260000,   0.00000,
,,,00.000025280000,   1.20000,
,,,00.000025300000,   0.40000,
,,,00.000025320000,   0.40000,
,,,00.000025340000,   0.00000,
,,,00.000025360000,   0.80000,
,,,00.000025380000,   0.00000,
,,,00.000025400000,   0.00000,
,,,00.000025420000,  -0.40000,
,,,00.000025440000,   0.40000,
,,,00.000025460000,   0.40000,
,,,00.000025480000,   0.00000,
,,,00.000025500000,   0.00000,
,,,00.000025520000,   0.80000,
,,,00.000025540000,   0.00000,
,,,00.000025560000,   0.40000,
,,,00.000025580000,   0.00000,
,,,00.000025600000,   0.80000,
,,,00.000025620000,   1.20000,
,,,00.000025640000,   0.40000,
,,,00.000025660000,   0.80000,
,,,00.000025680000,  -0.80000,
,,,00.000025700000,  -0.40000,
,,,00.000025720000,   0.00000,
,,,00.000025740000,   1.20000,
,,,00.000025760000,   0.80000,
,,,00.000025780000,   0.40000,
,,,00.000025800000,   0.80000,
,,,00.000025820000,   0.80000,
,,,00.000025840000,   0.00000,
,,,00.000025860000,   0.40000,
,,,00.000025880000,   1.20000,
,,,00.000025900000,  -0.40000,
,,,00.000025920000,  -0.80000,
,,,00.000025940000,   1.20000,
,,,00.000025960000,   0.40000,
,,,00.000025980000,   0.80000,
,,,00.000026000000,   0.80000,
,,,00.000026020000,   0.00000,
,,,00.000026040000,   0.80000,
,,,00.000026060000,   1.20000,
,,,00.000026080000,   0.80000,
,,,00.000026100000,   1.20000,
,,,00.000026120000,   0.80000,
,,,00.000026140000,   0.40000,
,,,00.000026160000,   0.80000,
,,,00.000026180000,   0.80000,
,,,00.000026200000,   1.60000,
,,,00.000026220000,   1.20000,
,,,00.000026240000,   0.40000,
,,,00.000026260000,   0.80000,
,,,00.000026280000,   0.80000,
,,,00.000026300000,   1.60000,
,,,00.000026320000,   0.40000,
,,,00.000026340000,   0.80000,
,,,00.000026360000,   2.00000,
,,,00.000026380000,   0.80000,
,,,00.000026400000,   0.80000,
,,,00.000026420000,   0.80000,
,,,00.000026440000,   0.80000,
,,,00.000026460000,   1.20000,
,,,00.000026480000,   1.20000,
,,,00.000026500000,   0.80000,
,,,00.000026520000,   0.80000,
,,,00.000026540000,   0.40000,
,,,00.000026560000,   0.00000,
,,,00.000026580000,   1.20000,
,,,00.000026600000,   0.40000,
,,,00.000026620000,   0.80000,
,,,00.000026640000,   0.40000,
,,,00.000026660000,   1.60000,
,,,00.000026680000,   1.20000,
,,,00.000026700000,   0.80000,
,,,00.000026720000,   0.80000,
,,,00.000026740000,  -0.80000,
,,,00.000026760000,   0.40000,
,,,00.000026780000,   0.40000,
,,,00.000026800000,   0.40000,
,,,00.000026820000,   0.40000,
,,,00.000026840000,   0.80000,
,,,00.000026860000,   1.20000,
,,,00.000026880000,   0.40000,
,,,00.000026900000,   0.40000,
,,,00.000026920000,   0.80000,
,,,00.000026940000,   0.40000,
,,,00.000026960000,   0.00000,
,,,00.000026980000,   0.00000,
,,,00.000027000000,   1.60000,
,,,00.000027020000,   0.80000,
,,,00.000027040000,   0.40000,
,,,00.000027060000,   1.20000,
,,,00.000027080000,   0.00000,
,,,00.000027100000,   0.40000,
,,,00.000027120000,   0.80000,
,,,00.000027140000,   2.00000,
,,,00.000027160000,   0.40000,
,,,00.000027180000,   0.40000,
,,,00.000027200000,   0.80000,
,,,00.000027220000,   0.40000,
,,,00.000027240000,   1.60000,
,,,00.000027260000,   0.80000,
,,,00.000027280000,  -1.60000,
,,,00.000027300000,   0.00000,
,,,00.000027320000,   2.00000,
,,,00.000027340000,   1.20000,
,,,00.000027360000,  -0.40000,
,,,00.000027380000,  -0.80000,
,,,00.000027400000,   0.40000,
,,,00.000027420000,   0.40000,
,,,00.000027440000,   1.60000,
,,,00.000027460000,   0.80000,
,,,00.000027480000,  -1.20000,
,,,00.000027500000,  -1.20000,
,,,00.000027520000,   0.00000,
,,,00.000027540000,   1.20000,
,,,00.000027560000,  -0.80000,
,,,00.000027580000,  -1.60000,
,,,00.000027600000,   0.00000,
,,,00.000027620000,   0.00000,
,,,00.000027640000,  -0.40000,
,,,00.000027660000,   0.00000,
,,,00.000027680000,   1.60000,
,,,00.000027700000,   0.80000,
,,,00.000027720000,  -0.40000,
,,,00.000027740000,   0.80000,
,,,00.000027760000,   0.80000,
,,,00.000027780000,  -0.40000,
,,,00.000027800000,   0.40000,
,,,00.000027820000,   1.20000,
,,,00.000027840000,   0.00000,
,,,00.000027860000,  -0.40000,
,,,00.000027880000,   0.40000,
,,,00.000027900000,   0.40000,
,,,00.000027920000,   0.00000,
,,,00.000027940000,   0.40000,
,,,00.000027960000,   0.40000,
,,,00.000027980000,   2.00000,
,,,00.000028000000,   0.00000,
,,,00.000028020000,   0.00000,
,,,00.000028040000,  -0.40000,
,,,00.000028060000,   0.00000,
,,,00.000028080000,   1.60000,
,,,00.000028100000,   0.80000,
,,,00.000028120000,  -0.40000,
,,,00.000028140000,  -0.80000,
,,,00.000028160000,   1.60000,
,,,00.000028180000,   2.80000,
,,,00.000028200000,   1.20000,
,,,00.000028220000,  -0.80000,
,,,00.000028240000,   0.00000,
,,,00.000028260000,   2.40000,
,,,00.000028280000,   0.40000,
,,,00.000028300000,  -2.40000,
,,,00.000028320000,  -1.20000,
,,,00.000028340000,  -1.60000,
,,,00.000028360000,   0.00000,
,,,00.000028380000,   0.40000,
,,,00.000028400000,  -0.40000,
,,,00.000028420000,   0.00000,
,,,00.000028440000,  -1.20000,
,,,00.000028460000,   0.40000,
,,,00.000028480000,  -0.40000,
,,,00.000028500000,  -2.00000,
,,,00.000028520000,  -0.40000,
,,,00.000028540000,   0.00000,
,,,00.000028560000,   0.40000,
,,,00.000028580000,   0.40000,
,,,00.000028600000,  -0.40000,
,,,00.000028620000,  -2.40000,
,,,00.000028640000,  -1.20000,
,,,00.000028660000,   2.00000,
,,,00.000028680000,  -2.00000,
,,,00.000028700000,  -2.00000,
,,,00.000028720000,  -0.80000,
,,,00.000028740000,  -2.80000,
,,,00.000028760000,  -2.80000,
,,,00.000028780000,  -2.40000,
,,,00.000028800000,  -1.20000,
,,,00.000028820000,   1.60000,
,,,00.000028840000,  -2.80000,
,,,00.000028860000,  -2.40000,
,,,00.000028880000,  -0.40000,
,,,00.000028900000,  -1.20000,
,,,00.000028920000,  -3.20000,
,,,00.000028940000,  -0.40000,
,,,00.000028960000,  -1.20000,
,,,00.000028980000,  -1.20000,
,,,00.000029000000,  -2.80000,
,,,00.000029020000,  -1.20000,
,,,00.000029040000,  -1.60000,
,,,00.000029060000,  -4.00000,
,,,00.000029080000,   0.80000,
,,,00.000029100000,   0.00000,
,,,00.000029120000,   1.20000,
,,,00.000029140000,  -0.40000,
,,,00.000029160000,  -2.80000,
,,,00.000029180000,  -2.80000,
,,,00.000029200000,  -0.40000,
,,,00.000029220000,  -2.00000,
,,,00.000029240000,  -4.00000,
,,,00.000029260000,  -3.60000,
,,,00.000029280000,  -2.00000,
,,,00.000029300000,   0.40000,
,,,00.000029320000,  -3.20000,
,,,00.000029340000,  -1.20000,
,,,00.000029360000,  -2.00000,
,,,00.000029380000,   1.20000,
,,,00.000029400000,  -0.80000,
,,,00.000029420000,  -6.00000,
,,,00.000029440000,  -3.20000,
,,,00.000029460000,   0.00000,
,,,00.000029480000,  -6.40000,
,,,00.000029500000,  -5.20000,
,,,00.000029520000,  -2.00000,
,,,00.000029540000,  -0.40000,
,,,00.000029560000,  -4.40000,
,,,00.000029580000,  -0.80000,
,,,00.000029600000,  -1.20000,
,,,00.000029620000,  -4.00000,
,,,00.000029640000,  -2.80000,
,,,00.000029660000,   2.00000,
,,,00.000029680000,  -1.60000,
,,,00.000029700000,  -2.00000,
,,,00.000029720000,  -2.00000,
,,,00.000029740000,  -2.00000,
,,,00.000029760000,  -2.00000,
,,,00.000029780000,  -3.60000,
,,,00.000029800000,  -2.80000,
,,,00.000029820000,  -0.40000,
,,,00.000029840000,  -4.40000,
,,,00.000029860000,  -3.60000,
,,,00.000029880000,  -2.00000,
,,,00.000029900000,  -1.20000,
,,,00.000029920000,  -2.00000,
,,,00.000029940000,  -2.00000,
,,,00.000029960000,  -3.20000,
,,,00.000029980000,  -0.40000,
,,,00.000030000000,   0.00000,
,,,00.000030020000,  -2.00000,
,,,00.000030040000,  -4.40000,
,,,00.000030060000,  -2.00000,
,,,00.000030080000,  -2.40000,
,,,00.000030100000,  -4.00000,
,,,00.000030120000,  -2.00000,
,,,00.000030140000,  -3.60000,
,,,00.000030160000,  -2.40000,
,,,00.000030180000,  -3.60000,
,,,00.000030200000,  -2.40000,
,,,00.000030220000,  -2.00000,
,,,00.000030240000,  -4.40000,
,,,00.000030260000,  -2.40000,
,,,00.000030280000,  -4.40000,
,,,00.000030300000,  -3.20000,
,,,00.000030320000,  -3.60000,
,,,00.000030340000,  -4.00000,
,,,00.000030360000,  -3.20000,
,,,00.000030380000,  -3.20000,
,,,00.000030400000,  -4.00000,
,,,00.000030420000,  -3.20000,
,,,00.000030440000,  -2.40000,
,,,00.000030460000,  -5.60000,
,,,00.000030480000,  -2.40000,
,,,00.000030500000,  -1.60000,
,,,00.000030520000,  -2.40000,
,,,00.000030540000,  -1.20000,
,,,00.000030560000,  -4.00000,
,,,00.000030580000,  -1.60000,
,,,00.000030600000,  -1.20000,
,,,00.000030620000,  -2.00000,
,,,00.000030640000,  -2.80000,
,,,00.000030660000,  -4.00000,
,,,00.000030680000,  -2.80000,
,,,00.000030700000,  -1.20000,
,,,00.000030720000,  -4.00000,
,,,00.000030740000,  -2.80000,
,,,00.000030760000,  -2.40000,
,,,00.000030780000,  -2.80000,
,,,00.000030800000,  -4.80000,
,,,00.000030820000,  -5.60000,
,,,00.000030840000,  -3.20000,
,,,00.000030860000,  -2.80000,
,,,00.000030880000,  -3.20000,
,,,00.000030900000,  -1.20000,
,,,00.000030920000,  -1.20000,
,,,00.000030940000,  -9.20000,
,,,00.000030960000,  -0.80000,
,,,00.000030980000,  -1.20000,
,,,00.000031000000,  -3.60000,
,,,00.000031020000,  -3.60000,
,,,00.000031040000,  -4.40000,
,,,00.000031060000,  -2.00000,
,,,00.000031080000,  -2.40000,
,,,00.000031100000,  -3.60000,
,,,00.000031120000,  -4.80000,
,,,00.000031140000,  -2.80000,
,,,00.000031160000,  -3.20000,
,,,00.000031180000,  -4.40000,
,,,00.000031200000,  -2.80000,
,,,00.000031220000,  -2.40000,
,,,00.000031240000,  -3.60000,
,,,00.000031260000,  -4.80000,
,,,00.000031280000,  -3.20000,
,,,00.000031300000,  -3.60000,
,,,00.000031320000,  -2.80000,
,,,00.000031340000,  -3.60000,
,,,00.000031360000,  -2.80000,
,,,00.000031380000,  -4.40000,
,,,00.000031400000,  -0.80000,
,,,00.000031420000,  -4.00000,
,,,00.000031440000,  -0.80000,
,,,00.000031460000,  -4.00000,
,,,00.000031480000,  -3.60000,
,,,00.000031500000,  -2.40000,
,,,00.000031520000,  -2.80000,
,,,00.000031540000,  -3.20000,
,,,00.000031560000,  -2.00000,
,,,00.000031580000,  -4.00000,
,,,00.000031600000,  -2.80000,
,,,00.000031620000,  -2.80000,
,,,00.000031640000,  -2.80000,
,,,00.000031660000,  -2.40000,
,,,00.000031680000,  -4.40000,
,,,00.000031700000,  -1.20000,
,,,00.000031720000,  -2.80000,
,,,00.000031740000,  -3.20000,
,,,00.000031760000,  -4.00000,
,,,00.000031780000,  -4.40000,
,,,00.000031800000,  -2.40000,
,,,00.000031820000,  -2.00000,
,,,00.000031840000,  -0.80000,
,,,00.000031860000,  -2.00000,
,,,00.000031880000,  -0.80000,
,,,00.000031900000,  -3.20000,
,,,00.000031920000,  -2.80000,
,,,00.000031940000,  -2.00000,
,,,00.000031960000,  -3.20000,
,,,00.000031980000,  -5.20000,
,,,00.000032000000,  -2.80000,
,,,00.000032020000,  -4.40000,
,,,00.000032040000,   0.40000,
,,,00.000032060000,  -1.60000,
,,,00.000032080000,  -2.80000,
,,,00.000032100000,  -3.20000,
,,,00.000032120000,  -0.80000,
,,,00.000032140000,   2.80000,
,,,00.000032160000,  -3.20000,
,,,00.000032180000,  -4.00000,
,,,00.000032200000,  -3.20000,
,,,00.000032220000,  -2.00000,
,,,00.000032240000,  -2.80000,
,,,00.000032260000,  -3.20000,
,,,00.000032280000,  -1.60000,
,,,00.000032300000,  -2.80000,
,,,00.000032320000,  -2.80000,
,,,00.000032340000,  -3.20000,
,,,00.000032360000,  -1.20000,
,,,00.000032380000,  -3.20000,
,,,00.000032400000,  -3.20000,
,,,00.000032420000,  -3.20000,
,,,00.000032440000,  -2.00000,
,,,00.000032460000,  -6.40000,
,,,00.000032480000,  -3.20000,
,,,00.000032500000,  -3.20000,
,,,00.000032520000,  -2.40000,
,,,00.000032540000,  -2.80000,
,,,00.000032560000,  -4.40000,
,,,00.000032580000,  -3.20000,
,,,00.000032600000,  -2.80000,
,,,00.000032620000,  -2.80000,
,,,00.000032640000,  -4.40000,
,,,00.000032660000,  -4.40000,
,,,00.000032680000,  -3.60000,
,,,00.000032700000,  -4.40000,
,,,00.000032720000,  -2.40000,
,,,00.000032740000,  -3.20000,
,,,00.000032760000,  -3.60000,
,,,00.000032780000,  -2.80000,
,,,00.000032800000,  -5.20000,
,,,00.000032820000,  -5.20000,
,,,00.000032840000,  -3.60000,
,,,00.000032860000,  -4.40000,
,,,00.000032880000,  -3.60000,
,,,00.000032900000,  -3.60000,
,,,00.000032920000,  -3.20000,
,,,00.000032940000,  -3.20000,
,,,00.000032960000,  -3.60000,
,,,00.000032980000,  -2.00000,
,,,00.000033000000,  -4.00000,
,,,00.000033020000,  -3.60000,
,,,00.000033040000,  -2.40000,
,,,00.000033060000,  -2.00000,
,,,00.000033080000,  -3.60000,
,,,00.000033100000, -10.00000,
,,,00.000033120000,  -5.20000,
,,,00.000033140000,  -3.20000,
,,,00.000033160000,  -1.20000,
,,,00.000033180000,  -3.20000,
,,,00.000033200000,  -4.40000,
,,,00.000033220000,  -3.20000,
,,,00.000033240000,  -2.40000,
,,,00.000033260000,  -2.80000,
,,,00.000033280000,  -4.80000,
,,,00.000033300000,  -3.20000,
,,,00.000033320000,  -2.80000,
,,,00.000033340000,  -2.80000,
,,,00.000033360000,  -2.80000,
,,,00.000033380000,  -2.80000,
,,,00.000033400000,  -2.40000,
,,,00.000033420000,  -3.60000,
,,,00.000033440000,  -3.20000,
,,,00.000033460000,  -2.80000,
,,,00.000033480000,  -2.40000,
,,,00.000033500000,  -2.80000,
,,,00.000033520000,  -3.20000,
,,,00.000033540000,  -2.80000,
,,,00.000033560000,  -4.00000,
,,,00.000033580000,  -3.20000,
,,,00.000033600000,  -3.20000,
,,,00.000033620000,  -3.20000,
,,,00.000033640000,  -3.60000,
,,,00.000033660000,  -2.80000,
,,,00.000033680000,  -2.40000,
,,,00.000033700000,  -2.40000,
,,,00.000033720000,  -4.80000,
,,,00.000033740000,  -4.80000,
,,,00.000033760000,  -4.00000,
,,,00.000033780000,  -3.60000,
,,,00.000033800000,  -2.40000,
,,,00.000033820000,  -2.80000,
,,,00.000033840000,  -3.60000,
,,,00.000033860000,  -2.80000,
,,,00.000033880000,  -0.80000,
,,,00.000033900000,  -3.60000,
,,,00.000033920000,  -3.20000,
,,,00.000033940000,  -3.20000,
,,,00.000033960000,  -3.60000,
,,,00.000033980000,  -2.40000,
,,,00.000034000000,  -4.00000,
,,,00.000034020000,  -4.00000,
,,,00.000034040000,  -4.00000,
,,,00.000034060000,  -2.80000,
,,,00.000034080000,  -4.00000,
,,,00.000034100000,  -4.40000,
,,,00.000034120000,  -2.40000,
,,,00.000034140000,  -2.40000,
,,,00.000034160000,  -3.20000,
,,,00.000034180000,  -5.60000,
,,,00.000034200000,  -2.80000,
,,,00.000034220000,  -2.80000,
,,,00.000034240000,  -3.20000,
,,,00.000034260000,  -3.60000,
,,,00.000034280000,  -2.80000,
,,,00.000034300000,  -3.60000,
,,,00.000034320000,  -0.40000,
,,,00.000034340000,  -4.40000,
,,,00.000034360000,  -3.60000,
,,,00.000034380000,  -2.80000,
,,,00.000034400000,  -2.80000,
,,,00.000034420000,  -3.20000,
,,,00.000034440000,  -3.20000,
,,,00.000034460000,  -2.80000,
,,,00.000034480000,  -3.20000,
,,,00.000034500000,  -2.80000,
,,,00.000034520000,  -2.40000,
,,,00.000034540000,  -2.80000,
,,,00.000034560000,  -4.80000,
,,,00.000034580000,  -4.40000,
,,,00.000034600000,  -1.60000,
,,,00.000034620000,  -3.60000,
,,,00.000034640000,  -2.40000,
,,,00.000034660000,  -2.40000,
,,,00.000034680000,  -3.60000,
,,,00.000034700000,  -4.00000,
,,,00.000034720000,   0.00000,
,,,00.000034740000,  -3.20000,
,,,00.000034760000,  -7.60000,
,,,00.000034780000,  -3.60000,
,,,00.000034800000,  -3.20000,
,,,00.000034820000,  -2.80000,
,,,00.000034840000,  -2.00000,
,,,00.000034860000,  -8.40000,
,,,00.000034880000,  -1.20000,
,,,00.000034900000,   0.00000,
,,,00.000034920000,  -1.60000,
,,,00.000034940000,  -3.60000,
,,,00.000034960000,  -2.80000,
,,,00.000034980000,  -2.00000,
,,,00.000035000000,  -2.80000,
,,,00.000035020000,  -2.00000,
,,,00.000035040000,  -3.20000,
,,,00.000035060000,   0.00000,
,,,00.000035080000,  -7.60000,
,,,00.000035100000,  -6.40000,
,,,00.000035120000,  -2.00000,
,,,00.000035140000,  -2.80000,
,,,00.000035160000,  -3.20000,
,,,00.000035180000,  -3.60000,
,,,00.000035200000,  -3.60000,
,,,00.000035220000,  -2.80000,
,,,00.000035240000,  -0.80000,
,,,00.000035260000,  -3.20000,
,,,00.000035280000,  -3.60000,
,,,00.000035300000,  -2.00000,
,,,00.000035320000,  -4.80000,
,,,00.000035340000,  -3.20000,
,,,00.000035360000,  -2.80000,
,,,00.000035380000,  -3.20000,
,,,00.000035400000,  -3.20000,
,,,00.000035420000,  -3.60000,
,,,00.000035440000,  -0.80000,
,,,00.000035460000,  -2.40000,
,,,00.000035480000,  -2.80000,
,,,00.000035500000,   2.00000,
,,,00.000035520000,  -4.40000,
,,,00.000035540000,  -2.80000,
,,,00.000035560000,  -2.40000,
,,,00.000035580000,  -2.00000,
,,,00.000035600000,  -2.80000,
,,,00.000035620000,  -4.00000,
,,,00.000035640000,  -2.80000,
,,,00.000035660000,  -2.00000,
,,,00.000035680000,  -2.00000,
,,,00.000035700000,  -2.80000,
,,,00.000035720000,  -2.80000,
,,,00.000035740000,  -2.40000,
,,,00.000035760000,  -2.40000,
,,,00.000035780000,  -2.80000,
,,,00.000035800000,  -1.60000,
,,,00.000035820000,  -4.00000,
,,,00.000035840000,  -2.40000,
,,,00.000035860000,  -2.00000,
,,,00.000035880000,  -5.60000,
,,,00.000035900000,  -4.00000,
,,,00.000035920000,  -2.00000,
,,,00.000035940000,  -2.40000,
,,,00.000035960000,  -2.40000,
,,,00.000035980000,  -3.60000,
,,,00.000036000000,  -2.80000,
,,,00.000036020000,  -2.00000,
,,,00.000036040000,  -2.40000,
,,,00.000036060000,  -2.40000,
,,,00.000036080000,  -2.80000,
,,,00.000036100000,  -2.40000,
,,,00.000036120000,  -1.20000,
,,,00.000036140000,  -1.20000,
,,,00.000036160000,  -2.40000,
,,,00.000036180000,  -2.40000,
,,,00.000036200000,  -2.00000,
,,,00.000036220000,  -2.80000,
,,,00.000036240000,  -2.40000,
,,,00.000036260000,  -2.80000,
,,,00.000036280000,  -2.80000,
,,,00.000036300000,  -2.00000,
,,,00.000036320000,  -2.40000,
,,,00.000036340000,  -2.40000,
,,,00.000036360000,  -2.00000,
,,,00.000036380000,  -2.00000,
,,,00.000036400000,  -2.40000,
,,,00.000036420000,  -1.60000,
,,,00.000036440000,  -1.60000,
,,,00.000036460000,  -1.60000,
,,,00.000036480000,  -2.80000,
,,,00.000036500000,  -1.20000,
,,,00.000036520000,  -6.00000,
,,,00.000036540000,  -2.40000,
,,,00.000036560000,  -2.00000,
,,,00.000036580000,  -3.60000,
,,,00.000036600000,  -1.60000,
,,,00.000036620000,  -0.80000,
,,,00.000036640000,  -2.40000,
,,,00.000036660000,  -2.00000,
,,,00.000036680000,  -2.80000,
,,,00.000036700000,  -1.20000,
,,,00.000036720000,  -1.20000,
,,,00.000036740000,  -1.60000,
,,,00.000036760000,  -1.20000,
,,,00.000036780000,  -0.40000,
,,,00.000036800000,  -2.80000,
,,,00.000036820000,  -1.60000,
,,,00.000036840000,  -3.20000,
,,,00.000036860000,  -3.20000,
,,,00.000036880000,  -4.80000,
,,,00.000036900000,  -2.80000,
,,,00.000036920000,   0.80000,
,,,00.000036940000,  -1.20000,
,,,00.000036960000,  -3.20000,
,,,00.000036980000,  -4.00000,
,,,00.000037000000,  -0.80000,
,,,00.000037020000,  -3.20000,
,,,00.000037040000,  -0.80000,
,,,00.000037060000,  -0.80000,
,,,00.000037080000,   0.00000,
,,,00.000037100000,  -2.80000,
,,,00.000037120000,  -1.20000,
,,,00.000037140000,  -3.20000,
,,,00.000037160000,  -0.40000,
,,,00.000037180000,  -0.80000,
,,,00.000037200000,  -2.00000,
,,,00.000037220000,  -2.80000,
,,,00.000037240000,  -1.20000,
,,,00.000037260000,   0.00000,
,,,00.000037280000,  -2.00000,
,,,00.000037300000,  -2.40000,
,,,00.000037320000,  -1.20000,
,,,00.000037340000,  -0.40000,
,,,00.000037360000,  -1.60000,
,,,00.000037380000,  -2.00000,
,,,00.000037400000,  -1.60000,
,,,00.000037420000,  -1.60000,
,,,00.000037440000,  -0.80000,
,,,00.000037460000,  -0.40000,
,,,00.000037480000,  -2.80000,
,,,00.000037500000,  -1.20000,
,,,00.000037520000,  -0.80000,
,,,00.000037540000,  -0.80000,
,,,00.000037560000,  -2.40000,
,,,00.000037580000,  -0.40000,
,,,00.000037600000,  -1.20000,
,,,00.000037620000,  -1.60000,
,,,00.000037640000,  -1.60000,
,,,00.000037660000,  -2.40000,
,,,00.000037680000,  -2.40000,
,,,00.000037700000,  -1.20000,
,,,00.000037720000,  -0.80000,
,,,00.000037740000,  -1.60000,
,,,00.000037760000,  -1.60000,
,,,00.000037780000,  -1.60000,
,,,00.000037800000,  -0.40000,
,,,00.000037820000,  -0.80000,
,,,00.000037840000,  -1.60000,
,,,00.000037860000,  -2.00000,
,,,00.000037880000,  -1.20000,
,,,00.000037900000,  -0.80000,
,,,00.000037920000,  -1.20000,
,,,00.000037940000,  -1.60000,
,,,00.000037960000,  -2.00000,
,,,00.000037980000,  -0.80000,
,,,00.000038000000,  -2.40000,
,,,00.000038020000,  -1.20000,
,,,00.000038040000,   0.40000,
,,,00.000038060000,   0.00000,
,,,00.000038080000,  -1.20000,
,,,00.000038100000,  -2.00000,
,,,00.000038120000,  -2.40000,
,,,00.000038140000,  -0.40000,
,,,00.000038160000,  -0.40000,
,,,00.000038180000,   0.00000,
,,,00.000038200000,  -1.60000,
,,,00.000038220000,  -1.60000,
,,,00.000038240000,  -0.80000,
,,,00.000038260000,  -0.40000,
,,,00.000038280000,  -1.20000,
,,,00.000038300000,  -4.00000,
,,,00.000038320000,  -2.40000,
,,,00.000038340000,  -1.60000,
,,,00.000038360000,  -1.20000,
,,,00.000038380000,  -1.20000,
,,,00.000038400000,   0.40000,
,,,00.000038420000,   0.00000,
,,,00.000038440000,   0.00000,
,,,00.000038460000,  -2.00000,
,,,00.000038480000,   0.40000,
,,,00.000038500000,  -0.80000,
,,,00.000038520000,  -1.60000,
,,,00.000038540000,  -1.60000,
,,,00.000038560000,  -0.80000,
,,,00.000038580000,  -2.00000,
,,,00.000038600000,  -1.60000,
,,,00.000038620000,  -2.40000,
,,,00.000038640000,  -2.00000,
,,,00.000038660000,  -2.00000,
,,,00.000038680000,  -1.20000,
,,,00.000038700000,  -0.80000,
,,,00.000038720000,  -3.20000,
,,,00.000038740000,  -2.40000,
,,,00.000038760000,  -2.80000,
,,,00.000038780000,  -2.80000,
,,,00.000038800000,  -1.20000,
,,,00.000038820000,  -0.40000,
,,,00.000038840000,  -2.00000,
,,,00.000038860000,   1.60000,
,,,00.000038880000,  -1.20000,
,,,00.000038900000,   0.40000,
,,,00.000038920000,  -0.40000,
,,,00.000038940000,  -1.60000,
,,,00.000038960000,  -1.60000,
,,,00.000038980000,  -0.40000,
,,,00.000039000000,  -1.20000,
,,,00.000039020000,  -1.20000,
,,,00.000039040000,  -1.20000,
,,,00.000039060000,  -2.00000,
,,,00.000039080000,  -2.00000,
,,,00.000039100000,   1.60000,
,,,00.000039120000,   1.20000,
,,,00.000039140000,  -2.40000,
,,,00.000039160000,   1.60000,
,,,00.000039180000,   1.60000,
,,,00.000039200000,  -1.20000,
,,,00.000039220000,  -0.80000,
,,,00.000039240000,  -1.20000,
,,,00.000039260000,  -1.60000,
,,,00.000039280000,  -0.80000,
,,,00.000039300000,  -1.60000,
,,,00.000039320000,   0.00000,
,,,00.000039340000,  -3.60000,
,,,00.000039360000,  -1.20000,
,,,00.000039380000,  -3.60000,
,,,00.000039400000,   0.40000,
,,,00.000039420000,  -2.00000,
,,,00.000039440000,  -0.40000,
,,,00.000039460000,   0.40000,
,,,00.000039480000,  -0.80000,
,,,00.000039500000,  -0.40000,
,,,00.000039520000,  -1.60000,
,,,00.000039540000,  -0.80000,
,,,00.000039560000,   0.00000,
,,,00.000039580000,  -0.40000,
,,,00.000039600000,  -2.00000,
,,,00.000039620000,  -0.40000,
,,,00.000039640000,  -1.20000,
,,,00.000039660000,  -1.60000,
,,,00.000039680000,   0.40000,
,,,00.000039700000,  -0.80000,
,,,00.000039720000,   0.80000,
,,,00.000039740000,  -2.40000,
,,,00.000039760000,   0.40000,
,,,00.000039780000,  -1.20000,
,,,00.000039800000,  -2.40000,
,,,00.000039820000,  -2.80000,
,,,00.000039840000,  -0.80000,
,,,00.000039860000,  -0.40000,
,,,00.000039880000,   0.00000,
,,,00.000039900000,  -0.40000,
,,,00.000039920000,  -1.20000,
,,,00.000039940000,   0.80000,
,,,00.000039960000,  -0.40000,
,,,00.000039980000,  -0.80000,
,,,00.000040000000,  -1.60000,
,,,00.000040020000,  -0.40000,
,,,00.000040040000,  -0.80000,
,,,00.000040060000,  -2.40000,
,,,00.000040080000,  -2.00000,
,,,00.000040100000,  -2.80000,
,,,00.000040120000,  -3.60000,
,,,00.000040140000,  -0.80000,
,,,00.000040160000,  -2.00000,
,,,00.000040180000,  -2.40000,
,,,00.000040200000,  -1.20000,
,,,00.000040220000,   0.00000,
,,,00.000040240000,  -0.80000,
,,,00.000040260000,  -0.40000,
,,,00.000040280000,  -0.80000,
,,,00.000040300000,   1.20000,
,,,00.000040320000,  -0.80000,
,,,00.000040340000,  -2.40000,
,,,00.000040360000,  -1.20000,
,,,00.000040380000,  -0.80000,
,,,00.000040400000,   1.20000,
,,,00.000040420000,  -0.40000,
,,,00.000040440000,  -1.20000,
,,,00.000040460000,  -0.80000,
,,,00.000040480000,  -0.80000,
,,,00.000040500000,   0.00000,
,,,00.000040520000,  -1.20000,
,,,00.000040540000,  -1.60000,
,,,00.000040560000,   0.00000,
,,,00.000040580000,  -0.80000,
,,,00.000040600000,  -2.00000,
,,,00.000040620000,  -2.80000,
,,,00.000040640000,  -1.60000,
,,,00.000040660000,   0.00000,
,,,00.000040680000,  -2.00000,
,,,00.000040700000,   1.20000,
,,,00.000040720000,   0.00000,
,,,00.000040740000,  -2.80000,
,,,00.000040760000,  -1.60000,
,,,00.000040780000,   0.40000,
,,,00.000040800000,   1.20000,
,,,00.000040820000,  -3.20000,
,,,00.000040840000,   0.00000,
,,,00.000040860000,   0.80000,
,,,00.000040880000,  -0.80000,
,,,00.000040900000,  -1.20000,
,,,00.000040920000,  -2.40000,
,,,00.000040940000,   0.80000,
,,,00.000040960000,  -0.40000,
,,,00.000040980000,  -1.20000,
,,,00.000041000000,  -0.40000,
,,,00.000041020000,  -1.60000,
,,,00.000041040000,  -1.20000,
,,,00.000041060000,  -1.20000,
,,,00.000041080000,  -0.80000,
,,,00.000041100000,  -2.00000,
,,,00.000041120000,  -0.40000,
,,,00.000041140000,  -0.80000,
,,,00.000041160000,  -1.20000,
,,,00.000041180000,  -1.60000,
,,,00.000041200000,  -2.00000,
,,,00.000041220000,  -3.20000,
,,,00.000041240000,  -1.60000,
,,,00.000041260000,  -1.20000,
,,,00.000041280000,  -1.20000,
,,,00.000041300000,  -3.60000,
,,,00.000041320000,  -2.80000,
,,,00.000041340000,  -0.80000,
,,,00.000041360000,  -0.40000,
,,,00.000041380000,   1.20000,
,,,00.000041400000,   0.80000,
,,,00.000041420000,   0.00000,
,,,00.000041440000,   1.20000,
,,,00.000041460000,  -2.00000,
,,,00.000041480000,  -3.60000,
,,,00.000041500000,  -1.20000,
,,,00.000041520000,  -2.80000,
,,,00.000041540000,   0.00000,
,,,00.000041560000,  -0.80000,
,,,00.000041580000,  -1.60000,
,,,00.000041600000,  -1.60000,
,,,00.000041620000,  -0.40000,
,,,00.000041640000,   0.00000,
,,,00.000041660000,   0.40000,
,,,00.000041680000,   0.00000,
,,,00.000041700000,  -1.20000,
,,,00.000041720000,   0.00000,
,,,00.000041740000,  -1.60000,
,,,00.000041760000,  -0.80000,
,,,00.000041780000,   1.20000,
,,,00.000041800000,  -0.40000,
,,,00.000041820000,   0.00000,
,,,00.000041840000,  -2.40000,
,,,00.000041860000,  -1.20000,
,,,00.000041880000,   0.40000,
,,,00.000041900000,   0.00000,
,,,00.000041920000,  -1.60000,
,,,00.000041940000,  -0.80000,
,,,00.000041960000,   2.00000,
,,,00.000041980000,   0.40000,
,,,00.000042000000,  -0.40000,
,,,00.000042020000,  -0.80000,
,,,00.000042040000,  -1.20000,
,,,00.000042060000,  -0.40000,
,,,00.000042080000,  -3.20000,
,,,00.000042100000,  -1.20000,
,,,00.000042120000,   0.00000,
,,,00.000042140000,  -1.20000,
,,,00.000042160000,   0.00000,
,,,00.000042180000,  -0.40000,
,,,00.000042200000,   0.80000,
,,,00.000042220000,  -0.40000,
,,,00.000042240000,  -1.20000,
,,,00.000042260000,   0.00000,
,,,00.000042280000,  -0.80000,
,,,00.000042300000,  -0.40000,
,,,00.000042320000,  -0.40000,
,,,00.000042340000,  -1.20000,
,,,00.000042360000,  -1.20000,
,,,00.000042380000,  -2.40000,
,,,00.000042400000,  -0.40000,
,,,00.000042420000,  -0.80000,
,,,00.000042440000,  -1.60000,
,,,00.000042460000,  -1.20000,
,,,00.000042480000,  -2.00000,
,,,00.000042500000,  -1.20000,
,,,00.000042520000,  -0.40000,
,,,00.000042540000,   0.00000,
,,,00.000042560000,  -0.40000,
,,,00.000042580000,  -0.40000,
,,,00.000042600000,  -1.60000,
,,,00.000042620000,  -0.80000,
,,,00.000042640000,   1.20000,
,,,00.000042660000,  -1.20000,
,,,00.000042680000,   0.00000,
,,,00.000042700000,  -0.40000,
,,,00.000042720000,   0.00000,
,,,00.000042740000,   0.40000,
,,,00.000042760000,   0.00000,
,,,00.000042780000,  -1.20000,
,,,00.000042800000,  -0.80000,
,,,00.000042820000,  -0.80000,
,,,00.000042840000,  -0.40000,
,,,00.000042860000,  -0.40000,
,,,00.000042880000,   0.00000,
,,,00.000042900000,  -1.20000,
,,,00.000042920000,  -1.60000,
,,,00.000042940000,  -1.20000,
,,,00.000042960000,  -0.40000,
,,,00.000042980000,  -1.60000,
,,,00.000043000000,   0.40000,
,,,00.000043020000,   0.00000,
,,,00.000043040000,  -0.40000,
,,,00.000043060000,  -1.20000,
,,,00.000043080000,  -1.60000,
,,,00.000043100000,   0.00000,
,,,00.000043120000,   0.40000,
,,,00.000043140000,  -1.20000,
,,,00.000043160000,  -0.80000,
,,,00.000043180000,  -1.20000,
,,,00.000043200000,  -2.40000,
,,,00.000043220000,  -1.60000,
,,,00.000043240000,  -0.80000,
,,,00.000043260000,  -0.80000,
,,,00.000043280000,   0.00000,
,,,00.000043300000,   0.00000,
,,,00.000043320000,  -0.80000,
,,,00.000043340000,  -0.80000,
,,,00.000043360000,  -0.40000,
,,,00.000043380000,   0.80000,
,,,00.000043400000,  -1.20000,
,,,00.000043420000,   0.80000,
,,,00.000043440000,  -0.40000,
,,,00.000043460000,  -0.40000,
,,,00.000043480000,  -1.60000,
,,,00.000043500000,  -1.60000,
,,,00.000043520000,  -0.80000,
,,,00.000043540000,  -1.60000,
,,,00.000043560000,  -1.20000,
,,,00.000043580000,  -0.80000,
,,,00.000043600000,  -1.60000,
,,,00.000043620000,  -1.20000,
,,,00.000043640000,  -1.20000,
,,,00.000043660000,  -0.80000,
,,,00.000043680000,  -2.00000,
,,,00.000043700000,  -1.20000,
,,,00.000043720000,  -0.80000,
,,,00.000043740000,  -0.80000,
,,,00.000043760000,  -1.20000,
,,,00.000043780000,  -0.80000,
